benchmark,task,model,valid_rollouts,M25,M50,M75,SR,MP,PPL,CRA,STR,DRR,FNS,SQS
RoboDojo-RealWorld,cap_pen,InternVLA-A1,10,0.6,0.5,0.5,0.3,0.5837999999999999,0.24094770921836262,0.0864192411253984,0.21794871794871795,1,0.1073,0.6705941881448051
RoboDojo-RealWorld,cap_pen,GalaxeaVLA (G0),10,0.8,0.4,0.3,0.1,0.3789555555555555,0.1338348914059269,0.17423416935532882,0.1282051282051282,0.2556697144315293,0.1815555555555556,0.8900219202590784
RoboDojo-RealWorld,cap_pen,Pi-05,10,0.9,0.4,0.2,0.1,0.4842928571428571,0.2084962595803146,0.18210712865140388,0.1282051282051282,0.5427437725039418,0.2361499999999999,0.7757508893843676
RoboDojo-RealWorld,cap_pen,Xiaomi-Robotics-0,10,0.6,0.4,0.4,0.1,0.42506428571428556,0.19726748965688612,0.1287071103517462,0.21794871794871795,0.571536869112161,0.2063499999999999,0.6655184523210994
RoboDojo-RealWorld,cap_pen,GROOT-N1.7,10,1,0.7,0.5,0,0.7500999999999998,0.3653256775467594,0.2615514288370331,0.1794871794871795,0.07414697990986842,0.72505,0
RoboDojo-RealWorld,cap_pen,Pi-0,10,0.6,0,0,0,0.2501428571428571,0.13037013392677355,0.09229309267752955,0.4358974358974359,0.3320431108983582,0.12507142857142856,0
RoboDojo-RealWorld,cap_pen,Spirit v1.5,10,0.9,0.3,0.1,0,0.33194999999999997,0.12702324242354318,0.3749582759772955,0.20512820512820515,0.2651316550947678,0.16597499999999998,0
RoboDojo-RealWorld,cap_pen,StarVLA,10,0.1,0,0,0,0.1752,0.06913553951779891,0.15686767002832364,0.39743589743589747,0.6667964675209703,0.0876,0
RoboDojo-RealWorld,cap_pen,X-VLA,10,1,0.7,0.3,0,0.59345,0.24123784999204667,0.2807594778964865,0.1025641025641026,0.09396369924241356,0.49672499999999997,0
RoboDojo-RealWorld,classify_objects,Pi-05,10,0.5,0.1,0.1,0.1,0.17085,0.05993509325426486,0.06438366073208596,0.6640625,0.7283695187977236,0.03185,0.8950779560106181
RoboDojo-RealWorld,classify_objects,GalaxeaVLA (G0),10,0.5,0,0,0,0.23352857142857147,0.09998805315851368,0.07221149148618025,0.5390625,0.8379564190314022,0.1167642857142857,0
RoboDojo-RealWorld,classify_objects,GROOT-N1.7,10,0.5,0,0,0,0.24690000000000004,0.08723579916278452,0.06672253087403887,0.6171875,0.6368240811558168,0.12345,0
RoboDojo-RealWorld,classify_objects,InternVLA-A1,10,0.5,0.2,0,0,0.26130000000000003,0.09705915844907409,0.054769190599901124,0.7421875,0.7084276730191803,0.13065000000000002,0
RoboDojo-RealWorld,classify_objects,Pi-0,10,0.4,0,0,0,0.1022,0.019931197000520623,0.1502003987694736,0.46875,0.7217038855200654,0.05109999999999999,0
RoboDojo-RealWorld,classify_objects,Spirit v1.5,10,0.4,0,0,0,0.0958,0.03083953091707274,0.06959561726999758,0.75,1,0.04789999999999999,0
RoboDojo-RealWorld,classify_objects,StarVLA,10,0.4,0.2,0.1,0,0.0802,0.024115624624289355,0.06745192390029198,0.703125,0.7675698743228037,0.04009999999999999,0
RoboDojo-RealWorld,classify_objects,X-VLA,10,0.3,0,0,0,0.04450555555555556,0.0189932272914038,0.0937790711907559,0.90625,0.6910062767704936,0.02225277777777778,0
RoboDojo-RealWorld,classify_objects,Xiaomi-Robotics-0,10,0.5,0.3,0,0,0.20034999999999997,0.04348621707527954,0.14333750144871477,0.37123842592592593,0.3984437480057489,0.10017499999999999,0
RoboDojo-RealWorld,disassemble_LEGO,Pi-05,10,0.6,0.6,0.4,0.2,0.6658,0.2303060036839935,0.1763234137216541,0.24313186813186816,0.3133447775870404,0.29977499999999996,0.941876417995122
RoboDojo-RealWorld,disassemble_LEGO,StarVLA,10,0.5,0.5,0.3,0.2,0.39152499999999996,0.17273097345592398,0.2563839579910329,0.3910256410256411,0.17992669412173454,0.107425,0.8640420809762784
RoboDojo-RealWorld,disassemble_LEGO,Xiaomi-Robotics-0,10,0.9,0.7,0.4,0.1,0.72115,0.233755921106002,0.22335597482582775,0.15384615384615385,0.5223339130603221,0.5506,0.6557099614296817
RoboDojo-RealWorld,disassemble_LEGO,GalaxeaVLA (G0),10,0.7,0.6,0.2,0,0.5761,0.16493130036468023,0.1489275682253172,0.25,0.5292979936362419,0.48805,0
RoboDojo-RealWorld,disassemble_LEGO,InternVLA-A1,10,0.7,0.6,0.4,0,0.6136999999999999,0.2434368072061397,0.1341170040320985,0.21153846153846156,0.32464774508587313,0.50685,0
RoboDojo-RealWorld,disassemble_LEGO,Pi-0,10,0.3,0.1,0,0,0.20849999999999996,0.1033742790626556,0.23733404759832932,0.47115384615384615,0.256062249790011,0.10425000000000001,0
RoboDojo-RealWorld,disassemble_LEGO,Spirit v1.5,10,1,0.8,0.1,0,0.6084999999999999,0.1694434680014419,0.440033019628686,0.125,0.487085225865784,0.50425,0
RoboDojo-RealWorld,disassemble_LEGO,X-VLA,10,1,0.9,0.7,0,0.8302999999999998,0.30984385362210765,0.3054728340836279,0.1634615384615385,0.12111219463142205,0.9151499999999999,0
RoboDojo-RealWorld,fill_pen_holder,GalaxeaVLA (G0),10,1,0.8,0.6,0.1,0.7928999999999998,0.3867876678767094,0.079992684271223,0.2421875,0.884771275009871,0.8911999999999998,0.7344299471579101
RoboDojo-RealWorld,fill_pen_holder,StarVLA,10,0.6,0.3,0.2,0.1,0.34639999999999993,0.26443183445195856,0.04456487665607263,0.10263157894736841,0.17155087589828624,0.125,0.7495463947820006
RoboDojo-RealWorld,fill_pen_holder,GROOT-N1.7,10,0.7,0.6,0.2,0,0.5198999999999999,0.1867590924343,0.1294554248718701,0.140625,0.3135945297466581,0.45994999999999997,0
RoboDojo-RealWorld,fill_pen_holder,InternVLA-A1,10,0.5,0.5,0.2,0,0.36169999999999997,0.1716289502444504,0.084079729669293,0.3671875,0.5708873901197185,0.28085,0
RoboDojo-RealWorld,fill_pen_holder,Pi-0,10,0.9,0.7,0.4,0,0.62515,0.23818123086264714,0.12076265530810931,0.15625,0.914493483118886,0.512575,0
RoboDojo-RealWorld,fill_pen_holder,Pi-05,10,1,0.9,0.7,0,0.8079499999999998,0.40168727979213437,0.08987220401056618,0.109375,0.6913464798640995,0.9039749999999999,0
RoboDojo-RealWorld,fill_pen_holder,Spirit v1.5,10,1,0.6,0.2,0,0.5560222222222222,0.16664435867882588,0.21372384423874335,0.1261160714285714,0.5957722501123746,0.4780111111111111,0
RoboDojo-RealWorld,fill_pen_holder,X-VLA,10,1,0.7,0.2,0,0.5633642857142858,0.13817533869633655,0.22873744133448293,0.09375,0.6446488016968485,0.48168214285714295,0
RoboDojo-RealWorld,fill_pen_holder,Xiaomi-Robotics-0,10,1,0.6,0,0,0.5559,0.15215986366794054,0.12755710402091605,0.12331495098039215,0.8928446782198809,0.47795,0
RoboDojo-RealWorld,hang_mugs,GalaxeaVLA (G0),10,0.6,0,0,0,0.2913,0.08458066957071889,0.2199665596719888,0.2727272727272727,0.8339909747083307,0.14565,0
RoboDojo-RealWorld,hang_mugs,GROOT-N1.7,10,0.6,0.2,0,0,0.3142722222222222,0.1270576676286929,0.14827048056543934,0.41666666666666663,0.5077325147524958,0.15713611111111103,0
RoboDojo-RealWorld,hang_mugs,InternVLA-A1,10,0.5,0.2,0,0,0.24905,0.10047392072134834,0.2973380296663525,0.553030303030303,0.5856216539381333,0.124525,0
RoboDojo-RealWorld,hang_mugs,Pi-0,10,0.6,0.2,0,0,0.3563999999999999,0.1163868525928751,0.26019412995106134,0.2333333333333333,0.2207539538628171,0.17819999999999994,0
RoboDojo-RealWorld,hang_mugs,Pi-05,10,0.8,0,0,0,0.3344499999999999,0.12660272688383295,0.13222902049677449,0.20980587356893976,0.5635246939801482,0.167225,0
RoboDojo-RealWorld,hang_mugs,Spirit v1.5,10,0.6,0.2,0,0,0.26609444444444436,0.08633082919984543,0.23820862418238886,0.4090909090909091,0.48811102626425673,0.1330472222222222,0
RoboDojo-RealWorld,hang_mugs,StarVLA,10,0.6,0.2,0,0,0.29589999999999994,0.10236824197953624,0.15215995263096627,0.40909090909090906,0.7883185828809675,0.14795,0
RoboDojo-RealWorld,hang_mugs,X-VLA,10,0.7,0.2,0,0,0.3444499999999999,0.11666885775466879,0.1967815811700013,0.30620782726045886,0.6781280512873814,0.172225,0
RoboDojo-RealWorld,hang_mugs,Xiaomi-Robotics-0,10,0.6,0.2,0,0,0.28589999999999993,0.0851329139913237,0.35906667881659404,0.33333333333333337,0.3418606144699143,0.14295,0
RoboDojo-RealWorld,insert_charger,Pi-05,10,0.6,0.4,0.3,0.2,0.3730999999999999,0.1310644049825608,0.16400222363802064,0.39375,0.1414365445017023,0.14177499999999998,0.6947737752540484
RoboDojo-RealWorld,insert_charger,GalaxeaVLA (G0),10,0.4,0,0,0,0.2091,0.05880956144770657,0.23514384906616503,0.43333333333333335,0.5294114144703554,0.10455,0
RoboDojo-RealWorld,insert_charger,GROOT-N1.7,10,0.5,0.1,0,0,0.24975,0.11477586811314636,0.051398628471554166,0.5166666666666666,1,0.124875,0
RoboDojo-RealWorld,insert_charger,InternVLA-A1,10,0.6,0,0,0,0.29991428571428563,0.09425803641393882,0.1349321113200539,0.45555555555555555,0.604043917600585,0.14995714285714284,0
RoboDojo-RealWorld,insert_charger,Pi-0,10,0.2,0,0,0,0.16255,0.053127778144577406,0.15583820910600849,0.5388888888888889,0.3586028145728609,0.08127499999999999,0
RoboDojo-RealWorld,insert_charger,Spirit v1.5,10,0.5,0,0,0,0.2365,0.09977030776170163,0.11058498439738221,0.46111111111111114,0.0317510940511579,0.11825,0
RoboDojo-RealWorld,insert_charger,StarVLA,10,0.1,0,0,0,0.13175,0.08272483898491044,0.04809964049922498,0.649375,0.3304938676087238,0.065875,0
RoboDojo-RealWorld,insert_charger,X-VLA,10,0.7,0,0,0,0.2866999999999999,0.061409747139168414,0.2361430541170948,0.2444444444444444,0.7372459530692826,0.14335,0
RoboDojo-RealWorld,insert_charger,Xiaomi-Robotics-0,10,0.1,0,0,0,0.15645,0.06633906594780284,0.17749246740819824,0.76875,0.4126301422046609,0.07822499999999999,0
RoboDojo-RealWorld,insert_tubes,Xiaomi-Robotics-0,10,0.7,0.2,0.1,0.1,0.3767999999999999,0.1399385425180733,0.1676240177581925,0.2914218566392479,0.7007329766452994,0.1503,0.8579257996886349
RoboDojo-RealWorld,insert_tubes,GalaxeaVLA (G0),10,0.8,0.3,0,0,0.32564999999999994,0.1253079429598349,0.14986282416582936,0.28609986504723345,0.7755832415028842,0.162825,0
RoboDojo-RealWorld,insert_tubes,GROOT-N1.7,10,0.6,0.3,0,0,0.28685000000000005,0.11431814247985894,0.20810224424224616,0.41816816816816815,0.35523859974667354,0.14342500000000002,0
RoboDojo-RealWorld,insert_tubes,InternVLA-A1,10,0.9,0.5,0.2,0,0.46634999999999993,0.18794318346369127,0.10570919254562325,0.30405405405405406,0.41825406030608103,0.333175,0
RoboDojo-RealWorld,insert_tubes,Pi-0,10,0.9,0.5,0.2,0,0.5181,0.2051454175573466,0.1260674824761802,0.28378378378378377,0.6592744455405535,0.35905,0
RoboDojo-RealWorld,insert_tubes,Pi-05,10,1,0.8,0.2,0,0.5664214285714285,0.3031845845263713,0.04338158241510931,0.15751879699248122,1,0.48321071428571427,0
RoboDojo-RealWorld,insert_tubes,StarVLA,10,0.2,0,0,0,0.11485000000000001,0.041841062329214584,0.1400804923930254,0.5616666666666668,0.14122653412928396,0.05742499999999999,0
RoboDojo-RealWorld,insert_tubes,X-VLA,10,1,0.5,0.2,0,0.5093,0.10358933791676028,0.1799548173568783,0.14864864864864866,0.8900963258328779,0.35465,0
RoboDojo-RealWorld,make_bread,Pi-05,10,0.9,0.8,0.4,0.2,0.6769428571428571,0.3029587750529753,0.04850906886984699,0.3199574807334573,1,0.5046249999999999,0.8065499006634411
RoboDojo-RealWorld,make_bread,GalaxeaVLA (G0),10,0.5,0,0,0,0.2475,0.06710802549897102,0.2326999060835345,0.4069767441860465,0.32010166385430083,0.12375,0
RoboDojo-RealWorld,make_bread,GROOT-N1.7,10,0.1,0,0,0,0.1018857142857143,0.029425473587872883,0.11682305823895987,0.7209302325581395,0.8240368905594853,0.05094285714285715,0
RoboDojo-RealWorld,make_bread,InternVLA-A1,10,0.2,0,0,0,0.19284999999999997,0.060708084300990575,0.1588441701911733,0.5581395348837209,0.9693675499036486,0.09642499999999998,0
RoboDojo-RealWorld,make_bread,Pi-0,10,0.7,0.4,0,0,0.37626666666666664,0.13210056969878275,0.07172849234395118,0.4186046511627907,0.9829547391506914,0.1881333333333333,0
RoboDojo-RealWorld,make_bread,StarVLA,10,0.3,0,0,0,0.16055000000000003,0.06388094373511259,0.11718144237618866,0.44033898305084745,0.4871324727579348,0.08027499999999999,0
RoboDojo-RealWorld,make_bread,X-VLA,10,0,0,0,0,0.10685,0.028773536108091843,0.23542909504817872,0.5523255813953488,0.976505484500962,0.053425,0
RoboDojo-RealWorld,make_bread,Xiaomi-Robotics-0,10,0.4,0.2,0.1,0,0.18335,0.07681032041866082,0.26910186207857545,0.5290697674418605,0.5843113599372676,0.091675,0
RoboDojo-RealWorld,make_food,Pi-05,10,0.9,0.6,0.5,0.4,0.8375055555555555,0.19113280718701345,0.08853537757711566,0.4234234234234234,0.3719398907284538,0.182975,0.5427679731058646
RoboDojo-RealWorld,make_food,GalaxeaVLA (G0),10,0.1,0,0,0,0.04569999999999999,0.01436285213500118,0.12837028878415496,0.9623709074928587,0.32778771428327286,0.022850000000000002,0
RoboDojo-RealWorld,make_food,GROOT-N1.7,10,0.3,0,0,0,0.10164999999999999,0.025732090214212543,0.1019465230424016,0.7252252252252253,0.9503842269094691,0.050824999999999995,0
RoboDojo-RealWorld,make_food,InternVLA-A1,10,0,0,0,0,0.05979999999999999,0.01505442291982948,0.19668771752676334,0.9189189189189189,0.3290869093821877,0.02989999999999999,0
RoboDojo-RealWorld,make_food,Pi-0,10,0.2,0,0,0,0.06899999999999999,0.01251275727311084,0.19865804832849246,0.7252252252252251,0.46688899929998817,0.03449999999999999,0
RoboDojo-RealWorld,make_food,StarVLA,10,0,0,0,0,0.07335,0.01942421002210107,0.0895962018448182,0.8945243945243946,0.5750722845960066,0.036675,0
RoboDojo-RealWorld,make_food,X-VLA,10,0,0,0,0,0.03799999999999999,0.011996285541866266,0.139751781857045,0.96349798073936,0.3725123530324831,0.019,0
RoboDojo-RealWorld,make_food,Xiaomi-Robotics-0,10,0,0,0,0,0.03699999999999999,0.01081494943571151,0.19725384264168325,0.9684684684684686,0.7389800092552146,0.0185,0
RoboDojo-RealWorld,pack_and_pour_fruit,Pi-05,10,0.9,0.9,0.9,0.4,0.9895999999999998,0.5824045504316546,0.020352893633647836,0.20869565217391306,1,0.9663499999999998,0.845529354765457
RoboDojo-RealWorld,pack_and_pour_fruit,GalaxeaVLA (G0),10,0.2,0.2,0,0,0.16215000000000002,0.06081725983421301,0.10627698808963928,0.44354838709677413,0.9835167854068605,0.08107500000000001,0
RoboDojo-RealWorld,pack_and_pour_fruit,GROOT-N1.7,10,0.7,0.5,0.3,0,0.44679999999999986,0.22826219431245676,0.10554186867695416,0.3709677419354839,0.6796979879811061,0.32339999999999997,0
RoboDojo-RealWorld,pack_and_pour_fruit,InternVLA-A1,10,0,0,0,0,0.1158,0.05231152304903604,0.12969785490260685,0.6129032258064516,0.7102744577715399,0.05789999999999999,0
RoboDojo-RealWorld,pack_and_pour_fruit,Pi-0,10,0.7,0.4,0.3,0,0.4177214285714286,0.16623473623733886,0.09042871298205349,0.24193548387096775,0.9299014821372258,0.20886071428571426,0
RoboDojo-RealWorld,pack_and_pour_fruit,StarVLA,10,0,0,0,0,0.09614999999999999,0.031528068458548136,0.1448969473176718,0.6129032258064516,0.8465383101707143,0.04807499999999999,0
RoboDojo-RealWorld,pack_and_pour_fruit,X-VLA,10,0.1,0,0,0,0.11755,0.030726409554067087,0.19293593239579737,0.4032258064516129,0.5595662537814833,0.058774999999999994,0
RoboDojo-RealWorld,pack_and_pour_fruit,Xiaomi-Robotics-0,10,0.2,0.2,0.1,0,0.0892,0.0413898809029567,0.07945002200979245,0.6612903225806451,0.7386750065994889,0.044599999999999994,0
RoboDojo-RealWorld,pack_objects_into_backpack,Pi-05,10,0.9,0.7,0.3,0.1,0.5168499999999999,0.3209108728799393,0.05005030889120874,0.14285714285714285,1,0.45755,0.9102179315929263
RoboDojo-RealWorld,pack_objects_into_backpack,GalaxeaVLA (G0),10,0.8,0.4,0,0,0.3584142857142857,0.12234696546949345,0.1949226108648514,0.20408163265306123,0.2899933463279395,0.17920714285714284,0
RoboDojo-RealWorld,pack_objects_into_backpack,GROOT-N1.7,10,0.8,0.1,0,0,0.30279999999999996,0.136973075023384,0.1346833472993027,0.2755102040816326,0.22393511937543967,0.15139999999999998,0
RoboDojo-RealWorld,pack_objects_into_backpack,InternVLA-A1,10,0.9,0.1,0,0,0.3354499999999999,0.1566344852638847,0.07456300458616943,0.2040816326530612,0.6443003900174984,0.167725,0
RoboDojo-RealWorld,pack_objects_into_backpack,Pi-0,10,0.4,0.1,0,0,0.20599999999999996,0.08046915487392492,0.10922023091704205,0.35714285714285715,0.15785894592230695,0.10300000000000001,0
RoboDojo-RealWorld,pack_objects_into_backpack,Spirit v1.5,10,0.2,0,0,0,0.20805,0.07019614659517992,0.1675224931364675,0.24489795918367346,0.9948901039086264,0.104025,0
RoboDojo-RealWorld,pack_objects_into_backpack,StarVLA,10,0.2,0,0,0,0.16015000000000001,0.062485392490163466,0.1259210521149296,0.3163265306122448,0.7514965393278745,0.080075,0
RoboDojo-RealWorld,pack_objects_into_backpack,X-VLA,10,0.5,0,0,0,0.24724285714285715,0.09455328102142357,0.12359693114144224,0.2040816326530612,0.63939070340438,0.12362142857142855,0
RoboDojo-RealWorld,pack_objects_into_backpack,Xiaomi-Robotics-0,10,0.2,0,0,0,0.1998499999999999,0.08018358053322935,0.1093341621982779,0.326530612244898,0.5234967162415995,0.09992499999999999,0
RoboDojo-RealWorld,put_objects_into_basket,Pi-05,10,0.8,0.3,0.1,0.1,0.2903,0.20325058380576977,0.0343418593795546,0.4919354838709677,0.8936301413488446,0.139,0.8518134107556057
RoboDojo-RealWorld,put_objects_into_basket,GalaxeaVLA (G0),10,0.7,0.2,0,0,0.278,0.1907295759579847,0.038593697649162845,0.6693548387096774,0.8942870032428417,0.139,0
RoboDojo-RealWorld,put_objects_into_basket,GROOT-N1.7,10,0.5,0,0,0,0.18910000000000002,0.11805846298767211,0.03946919269499917,0.7983870967741935,0.7621083905632955,0.09455,0
RoboDojo-RealWorld,put_objects_into_basket,InternVLA-A1,10,0.9,0.2,0.1,0,0.26995,0.21947362157772748,0.009682149832097331,0.6451612903225806,0.5182462659513958,0.134975,0
RoboDojo-RealWorld,put_objects_into_basket,Pi-0,10,0.9,0.2,0.1,0,0.3333999999999999,0.21489825210593322,0.03922016812402834,0.3709677419354839,1,0.16670000000000001,0
RoboDojo-RealWorld,put_objects_into_basket,Spirit v1.5,10,0.6,0,0,0,0.26454999999999995,0.13377131525350755,0.053926127464031144,0.5564516129032258,1,0.13227499999999998,0
RoboDojo-RealWorld,put_objects_into_basket,StarVLA,10,0.4,0,0,0,0.12935,0.04512108119891593,0.07389190163474314,0.6478494623655914,0.311461028126657,0.06467499999999998,0
RoboDojo-RealWorld,put_objects_into_basket,X-VLA,10,1,0.1,0,0,0.3713857142857143,0.2245599630966149,0.020946599036789547,0.4032258064516129,0.8572043462852761,0.18569285714285716,0
RoboDojo-RealWorld,put_objects_into_basket,Xiaomi-Robotics-0,10,0.5,0,0,0,0.1602,0.06530223551452441,0.042523104805548315,0.7258064516129032,0.9890111399568688,0.0801,0
RoboDojo-RealWorld,stack_and_cover_blocks,Pi-05,10,1,0.4,0.3,0.2,0.47672499999999995,0.18945205855212033,0.04615577985450382,0.1343283582089552,1,0.2160249999999999,0.8147404633523936
RoboDojo-RealWorld,stack_and_cover_blocks,GalaxeaVLA (G0),10,0.1,0,0,0,0.16620000000000001,0.06577503230033313,0.08588119595986449,0.5447761194029851,0.5321754561153108,0.0831,0
RoboDojo-RealWorld,stack_and_cover_blocks,GROOT-N1.7,10,0.7,0,0,0,0.26324999999999993,0.13306651563741925,0.13422564955655295,0.41791044776119407,0.31079351804838773,0.131625,0
RoboDojo-RealWorld,stack_and_cover_blocks,InternVLA-A1,10,0.4,0,0,0,0.21284999999999996,0.068098804217995,0.09913914104423383,0.3731343283582089,1,0.10642499999999999,0
RoboDojo-RealWorld,stack_and_cover_blocks,Pi-0,10,0.3,0,0,0,0.21095,0.07629136794132128,0.09257561432261305,0.48507462686567165,0.8257972469778933,0.105475,0
RoboDojo-RealWorld,stack_and_cover_blocks,Spirit v1.5,10,0.5,0.1,0,0,0.2267499999999999,0.10687955261308135,0.06553401996909772,0.29677754677754675,0.7038296692646975,0.113375,0
RoboDojo-RealWorld,stack_and_cover_blocks,StarVLA,10,0.1,0,0,0,0.16335,0.1047712723240984,0.040188287984732014,0.450956937799043,0.4215115077889337,0.081675,0
RoboDojo-RealWorld,stack_and_cover_blocks,X-VLA,10,0.8,0.1,0,0,0.37144999999999995,0.07596393012459227,0.20029749749852072,0.208955223880597,0.5886999985332362,0.185725,0
RoboDojo-RealWorld,stack_and_cover_blocks,Xiaomi-Robotics-0,10,0.6,0.2,0,0,0.3113499999999999,0.11964448567662095,0.13265493601752126,0.34328358208955223,0.3605428491543734,0.15567499999999995,0
RoboDojo-RealWorld,stack_bowls,Pi-0,10,0.9,0.6,0.3,0.3,0.5801999999999999,0.3621814705537487,0.0453715648472159,0.2857142857142857,0.5298441564640463,0.2377,0.8857142857142858
RoboDojo-RealWorld,stack_bowls,GalaxeaVLA (G0),10,1,0.7,0.5,0.2,0.6975499999999999,0.36797838165330915,0.020083327135454014,0.2239920358387257,0.7998027908088563,0.47030000000000005,0.9001401595798006
RoboDojo-RealWorld,stack_bowls,GROOT-N1.7,10,0.6,0.2,0.1,0.1,0.31994999999999996,0.13956310307037706,0.10575764994012543,0.37755102040816324,0.6754879368115261,0.1574999999999999,0.9165068649358306
RoboDojo-RealWorld,stack_bowls,Pi-05,10,1,1,0.7,0.1,0.8732357142857141,0.6729377256677348,0.010233630110490825,0.11904761904761901,1,0.8959499999999998,0.9246444593312506
RoboDojo-RealWorld,stack_bowls,X-VLA,10,0.7,0.6,0.5,0.1,0.6670499999999998,0.44658935580137293,0.04119828954749988,0.08163265306122448,0.8196780433428412,0.46,0.9447666047506473
RoboDojo-RealWorld,stack_bowls,Xiaomi-Robotics-0,10,0.4,0.3,0.2,0.1,0.22229999999999994,0.12327680336427999,0.03851250107835827,0.3163265306122448,1,0.111,0.8315040126821928
RoboDojo-RealWorld,stack_bowls,InternVLA-A1,10,0.9,0.8,0.7,0,0.8598888888888887,0.736688172008858,0.00961186047116154,0.3403519798868636,1,0.9299444444444444,0
RoboDojo-RealWorld,stack_bowls,Spirit v1.5,10,0.6,0.1,0.1,0,0.29545,0.11543550802304445,0.10422139405317701,0.2653061224489796,0.44040133182464125,0.147725,0
RoboDojo-RealWorld,stack_bowls,StarVLA,10,1,0.7,0.3,0,0.5338999999999999,0.41762740880947,0.0222145388127373,0.37755102040816324,0.8827613158318199,0.46695,0
RoboDojo-RealWorld,stand_up_bottles,Pi-05,10,1,1,0.7,0.5,0.9087999999999999,0.5614373375350659,0.03851461286226818,0.0881782945736434,1,0.5708571428571428,0.8286998061861521
RoboDojo-RealWorld,stand_up_bottles,InternVLA-A1,10,1,0.7,0.5,0.3,0.7497499999999999,0.49632735194543787,0.028613362397022314,0.09411764705882353,1,0.5092,0.9559606970708193
RoboDojo-RealWorld,stand_up_bottles,GalaxeaVLA (G0),10,1,0.5,0.1,0,0.504,0.36469112166801243,0.02752674494928853,0.1666666666666667,1,0.352,0
RoboDojo-RealWorld,stand_up_bottles,GROOT-N1.7,10,1,0.5,0.2,0,0.5105500000000001,0.38438419304493876,0.03738638431265989,0.21279761904761907,0.8284536569976648,0.355275,0
RoboDojo-RealWorld,stand_up_bottles,Pi-0,10,0.5,0.1,0,0,0.245,0.07868929793466395,0.07499790577407904,0.3541666666666667,0.8980432333482609,0.1225,0
RoboDojo-RealWorld,stand_up_bottles,Spirit v1.5,10,1,0.8,0.1,0,0.5753666666666666,0.32797677922411433,0.041101421760071956,0.1979166666666667,0.9013071796803956,0.4876833333333333,0
RoboDojo-RealWorld,stand_up_bottles,StarVLA,10,0.8,0.3,0.2,0,0.48919999999999997,0.26267838659385545,0.060166367550546856,0.1875,0.09941516263094684,0.24459999999999993,0
RoboDojo-RealWorld,stand_up_bottles,X-VLA,10,1,0.7,0.5,0,0.70905,0.3886298090801765,0.050627369497308075,0.15625,1,0.704525,0
RoboDojo-RealWorld,stand_up_bottles,Xiaomi-Robotics-0,10,0.7,0.3,0.1,0,0.45897142857142853,0.26396070514390224,0.039922141310375386,0.3645833333333333,0.6941543792856928,0.2294857142857143,0
RoboDojo-RealWorld,store_in_safe,X-VLA,10,1,0.8,0.4,0.3,0.685542857142857,0.4779320304063487,0.025532178655727975,0.2728021978021977,0.7973507475189926,0.5274285714285714,0.7892376194626866
RoboDojo-RealWorld,store_in_safe,InternVLA-A1,10,1,1,0.5,0.2,0.7538357142857144,0.6115975884391023,0.008753293559399872,0.2596153846153846,1,0.5739749999999999,0.8661915237825151
RoboDojo-RealWorld,store_in_safe,Pi-05,10,1,0.9,0.5,0.2,0.7467499999999999,0.5595918501708079,0.01798724911071997,0.22649572649572652,1,0.5701607142857144,0.8776563353665793
RoboDojo-RealWorld,store_in_safe,Xiaomi-Robotics-0,10,1,0.9,0.3,0.2,0.7129999999999999,0.4958971269846601,0.028312602735149628,0.2756410256410256,0.6783492812101428,0.5364249999999999,0.9156253896468486
RoboDojo-RealWorld,store_in_safe,GalaxeaVLA (G0),10,0.3,0.2,0,0,0.1625,0.06521239180970692,0.1274277256380858,0.5288461538461539,0.6997210565632245,0.08124999999999999,0
RoboDojo-RealWorld,store_in_safe,GROOT-N1.7,10,0.8,0.8,0.4,0,0.6807,0.48100605603141466,0.02748445490943515,0.40384615384615385,0.3646332944613787,0.54035,0
RoboDojo-RealWorld,store_in_safe,Pi-0,10,0.7,0.3,0,0,0.4626499999999999,0.2650956585680111,0.0398630385605504,0.3269230769230769,0.7943586883220806,0.231325,0
RoboDojo-RealWorld,store_in_safe,StarVLA,10,0.8,0.2,0,0,0.4654499999999999,0.2911710396021122,0.04474981839154082,0.3669544740973312,0.581486527094484,0.23272500000000002,0
RoboDojo-RealWorld,sweep_blocks,Pi-05,10,0.7,0.5,0.3,0.1,0.50105,0.197380493967656,0.0877577738278213,0.15625,1,0.24805,0.7358167475112559
RoboDojo-RealWorld,sweep_blocks,GalaxeaVLA (G0),10,0.7,0.4,0,0,0.33117499999999994,0.16312386106054466,0.23672309207208392,0.265625,0.6421657491842719,0.1655875,0
RoboDojo-RealWorld,sweep_blocks,GROOT-N1.7,10,0.8,0.7,0.4,0,0.7251,0.38370764992840467,0.10514971859181846,0.25,0.766882555220354,0.56255,0
RoboDojo-RealWorld,sweep_blocks,InternVLA-A1,10,0.9,0.4,0.1,0,0.4688999999999999,0.2612883601090386,0.1826160895622529,0.203125,0.03260371647620095,0.23444999999999994,0
RoboDojo-RealWorld,sweep_blocks,Pi-0,10,0,0,0,0,0.0834,0.06187389131223478,0.026806584323457158,0.671875,0.6585712055923377,0.0417,0
RoboDojo-RealWorld,sweep_blocks,Spirit v1.5,10,0.7,0.6,0.3,0,0.5355249999999998,0.2691636959566579,0.25568012704655974,0.171875,0.05997317373554825,0.46776249999999997,0
RoboDojo-RealWorld,sweep_blocks,StarVLA,10,0.3,0.2,0.1,0,0.12155,0.0514769085123135,0.18568243431231504,0.5,0.666660120257146,0.060774999999999996,0
RoboDojo-RealWorld,sweep_blocks,X-VLA,10,1,0.2,0.1,0,0.4140499999999999,0.17662702684395334,0.19462619658934116,0.125,0.3581487034410378,0.20702500000000001,0
RoboDojo-RealWorld,sweep_blocks,Xiaomi-Robotics-0,10,0.9,0.5,0.3,0,0.48080714285714277,0.1817213442094813,0.22248025891678413,0.140625,0.6419665571576103,0.34040357142857147,0
RoboDojo-Sim,align_blocks,AHA-WAM,6,0,0,0,0,0.10114999999999999,0.056536545997352174,0.035815813390016535,0.2352941176470588,0.927348305100333,0.05057499999999999,0
RoboDojo-Sim,align_blocks,Fast-WAM,6,0,0,0,0,0.11564285714285716,0.1073907763177106,0.01466136831504204,0.16666666666666666,0.7462096075620419,0.057821428571428565,0
RoboDojo-Sim,align_blocks,GalaxeaVLA (G0),6,0.3333333333333333,0.16666666666666666,0,0,0.13715,0.1029535931395662,0.0392928088085098,0.14705882352941174,1,0.068575,0
RoboDojo-Sim,align_blocks,GigaWorld-Policy-0,6,0.16666666666666666,0,0,0,0.1103357142857143,0.10920625322680574,0.003301241506133072,0.3823529411764706,0.5002228305850894,0.055167857142857143,0
RoboDojo-Sim,align_blocks,GROOT-N1.7,6,0,0,0,0,0.11882857142857145,0.11225317695327995,0.007521417780944992,0.4411764705882353,0.8571502205335517,0.05941428571428571,0
RoboDojo-Sim,align_blocks,Hy-Embodied-0.5-VLA,6,0.16666666666666666,0,0,0,0.1031,0.09787468487394954,0.02164695154105506,0.29411764705882354,0.0002272210861230975,0.05155,0
RoboDojo-Sim,align_blocks,InternVLA-A1,6,0,0,0,0,0.11204285714285715,0.1047743968161844,0.001219633612106734,0.27647058823529413,0.00002275630918672202,0.05602142857142856,0
RoboDojo-Sim,align_blocks,LDA-1B,6,0,0,0,0,0.19762857142857135,0.1682127514274856,0.042214782102725945,0.2647058823529411,0.24046287510760242,0.09881428571428572,0
RoboDojo-Sim,align_blocks,Pi-0,6,0,0,0,0,0.13348571428571426,0.09228098149666655,0.03254596668189818,0.20588235294117646,0.00004837361012252339,0.06674285714285713,0
RoboDojo-Sim,align_blocks,Pi-05,6,0,0,0,0,0.11978571428571425,0.10814285714285715,0,0,0.7832507675367286,0.05989285714285714,0
RoboDojo-Sim,align_blocks,Spatial Forcing,6,0,0,0,0,0.12840476190476197,0.101537116412083,0.008960091695321455,0.2761904761904762,1,0.06420238095238097,0
RoboDojo-Sim,align_blocks,Spirit v1.5,6,0.5,0,0,0,0.22675,0.12356378766850469,0.07633719512223239,0.20588235294117652,0.24407029873111574,0.113375,0
RoboDojo-Sim,align_blocks,StarVLA,6,0,0,0,0,0.1221,0.08614225138061485,0.04051051132684881,0.39338235294117646,0.5192311703492711,0.06105,0
RoboDojo-Sim,align_blocks,X-VLA,6,0,0,0,0,0.12955,0.09878571428571428,0.06930054590973653,0.24264705882352938,0.392387427308334,0.064775,0
RoboDojo-Sim,align_blocks,X-WAM,6,0,0,0,0,0.09835714285714285,0.09835714285714285,0,0.125,0.5012565098167165,0.04917857142857143,0
RoboDojo-Sim,align_blocks,Xiaomi-Robotics-0,6,0,0,0,0,0.1059,0.09099297580246071,0.04985711027725688,0.3264705882352942,0.4154327630200134,0.05295,0
RoboDojo-Sim,arrange_largest_number,Hy-Embodied-0.5-VLA,12,0.4166666666666667,0.25,0.16666666666666666,0.16666666666666666,0.06129999999999999,0.029335482580826466,0.05179693802790762,0.9034090909090909,0.6125216681961915,0.015099999999999999,0.6272731162511294
RoboDojo-Sim,arrange_largest_number,AHA-WAM,12,0.5,0.25,0.16666666666666666,0.08333333333333333,0.1996,0.042777996878328006,0.07798385481527606,0.4829545454545454,0.800099950024987,0.05599999999999999,0.6347982492094045
RoboDojo-Sim,arrange_largest_number,X-WAM,12,0.5833333333333334,0.25,0.08333333333333333,0.08333333333333333,0.3125,0.06736834207334835,0.11657962327591709,0.36363636363636365,0.9060725927811866,0.1264,0.6134741166394458
RoboDojo-Sim,arrange_largest_number,Xiaomi-Robotics-0,12,0.25,0.08333333333333333,0.08333333333333333,0.08333333333333333,0.06249999999999999,0.02433565787999534,0.13545509781682175,0.8920454545454546,0.7560587950788307,0.0212,0.6600718023371338
RoboDojo-Sim,arrange_largest_number,Fast-WAM,12,0.25,0.08333333333333333,0,0,0.06634999999999999,0.021402026388806873,0.1232192301752027,0.8465909090909091,0.81680127452722,0.033174999999999996,0
RoboDojo-Sim,arrange_largest_number,GalaxeaVLA (G0),12,0.16666666666666666,0.08333333333333333,0,0,0.094,0.032301836952520466,0.16208180355202015,0.6988636363636364,0.48980918241106003,0.04699999999999999,0
RoboDojo-Sim,arrange_largest_number,GigaWorld-Policy-0,12,0.25,0,0,0,0.13185,0.030320582148930027,0.13248197639007492,0.5511363636363636,0.8446451803417548,0.065925,0
RoboDojo-Sim,arrange_largest_number,GROOT-N1.7,12,0.25,0,0,0,0.08409999999999998,0.02529595452784578,0.1687332274408666,0.7954545454545454,0.6138758532565153,0.04205,0
RoboDojo-Sim,arrange_largest_number,InternVLA-A1,12,0.25,0,0,0,0.07719999999999999,0.0262531607182072,0.10678010072572452,0.7443181818181819,0.6925441967717166,0.038599999999999995,0
RoboDojo-Sim,arrange_largest_number,LDA-1B,12,0.3333333333333333,0,0,0,0.1222,0.0224688013088762,0.19816257852462582,0.6363636363636364,0.5458855758243515,0.0611,0
RoboDojo-Sim,arrange_largest_number,Pi-0,12,0.25,0,0,0,0.0853,0.03214047841615822,0.1703869285256661,0.7443181818181819,0.653673374100752,0.04265,0
RoboDojo-Sim,arrange_largest_number,Pi-05,12,0.5833333333333334,0.3333333333333333,0,0,0.30499999999999994,0.10823221408402806,0.11802473069742692,0.3920454545454546,1,0.15250000000000002,0
RoboDojo-Sim,arrange_largest_number,Spatial Forcing,12,0.5,0.16666666666666666,0.08333333333333333,0,0.24999999999999994,0.06502860273933028,0.2006315441527439,0.4602272727272727,0.9153836083044535,0.125,0
RoboDojo-Sim,arrange_largest_number,Spirit v1.5,12,0.08333333333333333,0,0,0,0.07189999999999999,0.023265432860061504,0.23613617536181938,0.8011363636363636,0.1691935490551031,0.035949999999999996,0
RoboDojo-Sim,arrange_largest_number,StarVLA,12,0.4166666666666667,0.16666666666666666,0,0,0.155,0.026959692307692264,0.15218950185137736,0.4431818181818181,0.8000666444518494,0.07749999999999999,0
RoboDojo-Sim,arrange_largest_number,X-VLA,12,0.5,0.25,0.08333333333333333,0,0.2563222222222221,0.0583379892378912,0.09436744740330236,0.3465909090909091,0.6506965327866985,0.12816111111111111,0
RoboDojo-Sim,build_tower,GalaxeaVLA (G0),6,1,0.8333333333333334,0.6666666666666666,0.5,0.9742142857142857,0.6916903406115,0.007918777056277063,0.36363636363636365,1,0.457,0.7754769287122179
RoboDojo-Sim,build_tower,Hy-Embodied-0.5-VLA,6,1,1,1,0.3333333333333333,0.9614999999999998,0.7160100295082806,0.010663792703791837,0.3181818181818181,1,0.9755749999999999,0.7839880134658841
RoboDojo-Sim,build_tower,Pi-05,6,1,1,1,0.3333333333333333,0.9706428571428571,0.7337195486171862,0.009134377778212726,0.2727272727272727,1,0.9563071428571428,0.8115575126034625
RoboDojo-Sim,build_tower,Spatial Forcing,6,1,1,0.8333333333333334,0.3333333333333333,0.9519285714285713,0.7388716312793624,0.006749749633082969,0.26401515151515154,1,0.9215,0.80127943659743
RoboDojo-Sim,build_tower,AHA-WAM,6,1,1,0.8333333333333334,0.16666666666666666,0.8044499999999999,0.4787193139365882,0.017373822857927962,0.24835043988269795,0.851091391145387,0.8988999999999998,0.8434975142627763
RoboDojo-Sim,build_tower,InternVLA-A1,6,1,0.6666666666666666,0.3333333333333333,0.16666666666666666,0.6154999999999999,0.2627669952112951,0.1316801052304606,0.2840909090909091,0.6884629849960087,0.457,0.7545062231869255
RoboDojo-Sim,build_tower,Pi-0,6,1,1,0.3333333333333333,0.16666666666666666,0.7120499999999998,0.3672153286303535,0.06841893364383861,0.3125,0.16196002607429946,0.5490999999999999,0.7750656295473168
RoboDojo-Sim,build_tower,StarVLA,6,1,1,1,0.16666666666666666,0.9674999999999999,0.7904849038186961,0.007593460267627736,0.34007078986587186,1,0.9835714285714285,0.8310387899509839
RoboDojo-Sim,build_tower,X-VLA,6,1,1,1,0.16666666666666666,0.9835714285714285,0.843370116162883,0.003889751497551466,0.28225806451612906,1,0.9908571428571429,0.8324640013186472
RoboDojo-Sim,build_tower,Fast-WAM,6,0.5,0.5,0.16666666666666666,0,0.36034999999999995,0.13797554176971993,0.2519513479173689,0.32386363636363635,0.6864135341620307,0.280175,0
RoboDojo-Sim,build_tower,GigaWorld-Policy-0,6,1,0.8333333333333334,0.3333333333333333,0,0.71895,0.32178981935381323,0.07580211264295533,0.2670454545454546,0.5799015725424674,0.559475,0
RoboDojo-Sim,build_tower,GROOT-N1.7,6,0.8333333333333334,0.3333333333333333,0.16666666666666666,0,0.3354999999999999,0.09491549721643772,0.11806418955222234,0.3409090909090909,1,0.16775,0
RoboDojo-Sim,build_tower,LDA-1B,6,0.6666666666666666,0.5,0,0,0.4344999999999999,0.16767003676631106,0.05839986542146447,0.34659090909090906,0.9125659055303179,0.31725000000000003,0
RoboDojo-Sim,build_tower,Spirit v1.5,6,0.3333333333333333,0,0,0,0.15460000000000002,0.02614816719602723,0.2478027450441012,0.2897727272727273,0.7677718480420199,0.0773,0
RoboDojo-Sim,build_tower,X-WAM,6,1,0.8333333333333334,0.6666666666666666,0,0.8693499999999998,0.41960420554580063,0.03529430968254261,0.25568181818181823,0.4151260651704562,0.9346749999999998,0
RoboDojo-Sim,build_tower,Xiaomi-Robotics-0,6,1,0.6666666666666666,0.3333333333333333,0,0.6363999999999999,0.28368919433463946,0.061656814640743324,0.2897727272727273,0.9678350079932403,0.5182,0
RoboDojo-Sim,classify_objects,Hy-Embodied-0.5-VLA,6,1,1,1,1,1,0.7521772214206526,0.006501630434782604,0.47282608695652173,1,0,0.7747536022198274
RoboDojo-Sim,classify_objects,X-WAM,6,1,1,0.8333333333333334,0.8333333333333334,1,0.5727490161118286,0.020799749827467212,0.2391304347826087,1,0.4697999999999999,0.759504596562453
RoboDojo-Sim,classify_objects,Spatial Forcing,6,1,1,1,0.5,0.9726999999999999,0.5491910959914821,0.029819021739130418,0.3260869565217391,1,0.9218,0.7037744820473321
RoboDojo-Sim,classify_objects,Fast-WAM,6,1,0.6666666666666666,0.6666666666666666,0.3333333333333333,0.8639999999999999,0.4767122763429059,0.017840600386692523,0.34239130434782605,1,0.5612999999999999,0.7511861004550315
RoboDojo-Sim,classify_objects,GigaWorld-Policy-0,6,1,1,1,0.3333333333333333,0.9969571428571427,0.5220223133367123,0.019745539623123393,0.2826086956521739,1,0.9456785714285714,0.7570696769755669
RoboDojo-Sim,classify_objects,X-VLA,6,0.8333333333333334,0.6666666666666666,0.5,0.3333333333333333,0.7352999999999998,0.3391976047370066,0.03427843514104898,0.22282608695652176,1,0.36039999999999994,0.7970715914404649
RoboDojo-Sim,classify_objects,Xiaomi-Robotics-0,6,0.8333333333333334,0.5,0.3333333333333333,0.16666666666666666,0.5543111111111111,0.3310174345026743,0.04511280739287611,0.2608695652173913,1,0.2061111111111111,0.7630258555092352
RoboDojo-Sim,classify_objects,AHA-WAM,6,0.5,0.5,0.16666666666666666,0,0.3439,0.10639270809097827,0.19198509354050747,0.2663043478260869,0.9615916863772016,0.27194999999999997,0
RoboDojo-Sim,classify_objects,GalaxeaVLA (G0),6,1,0.8333333333333334,0.16666666666666666,0,0.5945571428571428,0.2343073897982099,0.05965120493696528,0.2173913043478261,1,0.4972785714285714,0
RoboDojo-Sim,classify_objects,GROOT-N1.7,6,0.8333333333333334,0.16666666666666666,0,0,0.3137,0.07544035650378865,0.2922420103105649,0.36413043478260865,0.8150938953140012,0.15685,0
RoboDojo-Sim,classify_objects,InternVLA-A1,6,0.6666666666666666,0.5,0,0,0.45544999999999997,0.12302618082936409,0.13449223149261305,0.27717391304347827,0.6740808758352301,0.327725,0
RoboDojo-Sim,classify_objects,LDA-1B,6,0.6666666666666666,0.16666666666666666,0,0,0.34824999999999995,0.11416676400479064,0.11761821241886394,0.375,0.5717537134358607,0.17412499999999997,0
RoboDojo-Sim,classify_objects,Pi-0,6,0.8333333333333334,0,0,0,0.3640142857142856,0.0803754144413624,0.16300917755449534,0.2173913043478261,0.7529664937490421,0.18200714285714287,0
RoboDojo-Sim,classify_objects,Pi-05,6,1,1,0.8333333333333334,0,0.8645999999999998,0.4898859232624333,0.027345816959602795,0.21073646850044364,1,0.9322999999999999,0
RoboDojo-Sim,classify_objects,Spirit v1.5,6,0,0,0,0,0.14689999999999998,0.018105069815408777,0.38517502749926275,0.33152173913043476,0.6603872073849468,0.07344999999999999,0
RoboDojo-Sim,classify_objects,StarVLA,6,1,0.3333333333333333,0,0,0.4208,0.1219134661872992,0.1202675260670466,0.42391304347826086,0.8742803154669334,0.2104,0
RoboDojo-Sim,classify_objects_by_language,AHA-WAM,6,0.6666666666666666,0.16666666666666666,0,0,0.2848,0.11642342607346595,0.06283526400112614,0.5597826086956522,1,0.1424,0
RoboDojo-Sim,classify_objects_by_language,Fast-WAM,6,0.16666666666666666,0,0,0,0.0592,0.01888860788758613,0.23993678308323146,0.8206521739130435,0.41962382700194956,0.0296,0
RoboDojo-Sim,classify_objects_by_language,GalaxeaVLA (G0),6,0.8333333333333334,0.16666666666666666,0,0,0.28717777777777775,0.049923543931789355,0.192211303808572,0.29891304347826086,0.7975621493490055,0.14358888888888888,0
RoboDojo-Sim,classify_objects_by_language,GigaWorld-Policy-0,6,0.6666666666666666,0.16666666666666666,0,0,0.2804142857142857,0.06332392411745336,0.254867899754983,0.375,0.8073309935005808,0.14020714285714286,0
RoboDojo-Sim,classify_objects_by_language,GROOT-N1.7,6,0.5,0.16666666666666666,0,0,0.19590000000000002,0.03881870510790797,0.06849764043196377,0.6576086956521738,0.7682529750524328,0.09795,0
RoboDojo-Sim,classify_objects_by_language,Hy-Embodied-0.5-VLA,6,0.3333333333333333,0,0,0,0.21084999999999998,0.03895359594364542,0.3172742081558877,0.5380434782608696,0.8247206809570393,0.10542499999999999,0
RoboDojo-Sim,classify_objects_by_language,InternVLA-A1,6,0.16666666666666666,0,0,0,0.09269999999999999,0.021530190347190878,0.25994473378139166,0.7391304347826086,0.02563773759553769,0.04634999999999999,0
RoboDojo-Sim,classify_objects_by_language,LDA-1B,6,0,0,0,0,0.09204999999999998,0.014877681642986605,0.3436437689369965,0.6521739130434783,0.4847274076985221,0.04602499999999999,0
RoboDojo-Sim,classify_objects_by_language,Pi-0,6,0.16666666666666666,0,0,0,0.138,0.03355190254038384,0.28206593568693,0.6956521739130435,0.4577847015742462,0.06899999999999999,0
RoboDojo-Sim,classify_objects_by_language,Pi-05,6,0.5,0,0,0,0.26675714285714286,0.04821525694091218,0.060100868557927574,0.47282608695652173,1,0.1333785714285714,0
RoboDojo-Sim,classify_objects_by_language,Spatial Forcing,6,0.5,0,0,0,0.23935714285714288,0.05331764421982635,0.16070266166509256,0.3695652173913043,1,0.11967857142857141,0
RoboDojo-Sim,classify_objects_by_language,Spirit v1.5,6,0.16666666666666666,0,0,0,0.06533333333333333,0.012762473456962877,0.3166315068913575,0.7228260869565217,0.8285745505576994,0.03266666666666666,0
RoboDojo-Sim,classify_objects_by_language,StarVLA,6,0.6666666666666666,0.16666666666666666,0,0,0.26709999999999995,0.06822318410133107,0.14954627750215183,0.5217391304347826,1,0.13355,0
RoboDojo-Sim,classify_objects_by_language,X-VLA,6,0.5,0,0,0,0.1786,0.036625699206305075,0.14819572567484876,0.6304347826086957,0.7079631289488413,0.0893,0
RoboDojo-Sim,classify_objects_by_language,X-WAM,6,1,0.3333333333333333,0.16666666666666666,0,0.40292857142857136,0.13861171817030132,0.08428880825302208,0.34782608695652173,1,0.2014642857142857,0
RoboDojo-Sim,classify_objects_by_language,Xiaomi-Robotics-0,6,0.16666666666666666,0,0,0,0.17455,0.04468228046179952,0.17564890468843095,0.6847826086956521,0.4373017205275107,0.08727499999999999,0
RoboDojo-Sim,deposit_coin,Pi-0,6,0.6666666666666666,0.6666666666666666,0.6666666666666666,0.16666666666666666,0.8626428571428572,0.3243147922021924,0.3219256340260015,0.1,0.7686612428035358,0.9281428571428572,0.7056823912810076
RoboDojo-Sim,deposit_coin,AHA-WAM,6,1,1,1,0,0.9140499999999998,0.4150303669954729,0.420678481926439,0.12,0.326667572283872,0.9570249999999999,0
RoboDojo-Sim,deposit_coin,Fast-WAM,6,1,0.6666666666666666,0.6666666666666666,0,0.8232999999999999,0.3913442958030646,0.38007586457955944,0.1,0.19156059516132845,0.91165,0
RoboDojo-Sim,deposit_coin,GalaxeaVLA (G0),6,1,0.8333333333333334,0.5,0,0.6711607142857141,0.35984301714882294,0.3166568777757566,0.12,0.39113540391542545,0.6855803571428571,0
RoboDojo-Sim,deposit_coin,GigaWorld-Policy-0,6,1,0.8333333333333334,0.6666666666666666,0,0.9240571428571427,0.35892642691620635,0.28288233583642663,0.04,0.8334665656754884,0.9620285714285713,0
RoboDojo-Sim,deposit_coin,GROOT-N1.7,6,1,1,0.8333333333333334,0,0.9177142857142857,0.3574972602113283,0.35388486365293736,0.04,0.6713508502138066,0.9588571428571427,0
RoboDojo-Sim,deposit_coin,Hy-Embodied-0.5-VLA,6,1,1,0.8333333333333334,0,0.9110999999999998,0.44626194236652916,0.3849712081684683,0.08,0.08871515188194885,0.9555499999999999,0
RoboDojo-Sim,deposit_coin,InternVLA-A1,6,1,0.6666666666666666,0.6666666666666666,0,0.8833499999999999,0.3430219348613694,0.3883420883393387,0.08,0.46221076638757885,0.9416749999999999,0
RoboDojo-Sim,deposit_coin,LDA-1B,6,0.6666666666666666,0.6666666666666666,0.5,0,0.7634464285714285,0.2886961981575451,0.3410592636706907,0.12,0.9350468572006929,0.7317232142857142,0
RoboDojo-Sim,deposit_coin,Pi-05,6,1,0.8333333333333334,0.5,0,0.7158499999999999,0.3556993251954955,0.4076649064840111,0.12,0.12957956239866053,0.7079249999999999,0
RoboDojo-Sim,deposit_coin,Spatial Forcing,6,0.8333333333333334,0.8333333333333334,0.6666666666666666,0,0.9001749999999998,0.4067744180596834,0.4199229327112213,0.08,0.22960648164221797,0.9500874999999999,0
RoboDojo-Sim,deposit_coin,Spirit v1.5,6,1,1,0.8333333333333334,0,0.9220499999999998,0.42258569154857745,0.25690245381883053,0.16,0.061807212938751174,0.9610249999999998,0
RoboDojo-Sim,deposit_coin,StarVLA,6,0.16666666666666666,0.16666666666666666,0.16666666666666666,0,0.1696,0.09502797092212752,0.10384727594135865,0.32,1,0.08480000000000001,0
RoboDojo-Sim,deposit_coin,X-VLA,6,1,1,0.5,0,0.6970249999999999,0.3027239541078848,0.3897414710454057,0.08,0.3971541673045136,0.6985125,0
RoboDojo-Sim,deposit_coin,X-WAM,6,0.8333333333333334,0.6666666666666666,0.5,0,0.8134499999999998,0.3389593845995224,0.3114024341749192,0.08,0.4653387004079198,0.7567249999999999,0
RoboDojo-Sim,deposit_coin,Xiaomi-Robotics-0,6,1,1,0.8333333333333334,0,0.9175499999999999,0.3479550750297453,0.3318258144351601,0.08,0.648790111027023,0.9587749999999999,0
RoboDojo-Sim,fasten_screws,AHA-WAM,6,0.5,0,0,0,0.23775000000000002,0.03356885737076123,0.2022379370123114,0.4056603773584906,0.34419082782994026,0.118875,0
RoboDojo-Sim,fasten_screws,Fast-WAM,6,0.3333333333333333,0,0,0,0.11237857142857144,0.016029889423367694,0.19140646519425009,0.42452830188679247,1,0.05618928571428571,0
RoboDojo-Sim,fasten_screws,GalaxeaVLA (G0),6,0,0,0,0,0.15469999999999995,0.014583701961360895,0.2892876500101683,0.3836477987421384,0.6997799152450795,0.07734999999999997,0
RoboDojo-Sim,fasten_screws,GigaWorld-Policy-0,6,0.16666666666666666,0,0,0,0.15410000000000001,0.02245965817545394,0.24528327209058445,0.5125786163522013,0.9675409795133645,0.07705,0
RoboDojo-Sim,fasten_screws,GROOT-N1.7,6,0.6666666666666666,0.3333333333333333,0,0,0.3757999999999999,0.0939759010260775,0.39373108127403844,0.5817610062893082,0.03921267141526364,0.18789999999999996,0
RoboDojo-Sim,fasten_screws,Hy-Embodied-0.5-VLA,6,0.5,0.3333333333333333,0.16666666666666666,0,0.3513499999999999,0.04754082100567432,0.25434471435159567,0.2610062893081761,0.20962759522326785,0.17567499999999994,0
RoboDojo-Sim,fasten_screws,InternVLA-A1,6,0,0,0,0,0.12175,0.01830393791536841,0.25964862836425845,0.4968553459119497,0.6446987711668767,0.060875,0
RoboDojo-Sim,fasten_screws,LDA-1B,6,0.16666666666666666,0,0,0,0.16174999999999995,0.018035883545490745,0.330858874168928,0.32704402515723274,0.8809021884448096,0.080875,0
RoboDojo-Sim,fasten_screws,Pi-0,6,0.3333333333333333,0,0,0,0.20614999999999994,0.02182155002698025,0.3397928531649482,0.3364779874213837,0.6674070191846413,0.103075,0
RoboDojo-Sim,fasten_screws,Pi-05,6,0.3333333333333333,0.16666666666666666,0.16666666666666666,0,0.20915,0.03165045047209804,0.22071572404080564,0.4748427672955975,0.9775644621079791,0.10457499999999999,0
RoboDojo-Sim,fasten_screws,Spatial Forcing,6,0,0,0,0,0.15015,0.017185227992925295,0.2572280957930781,0.41509433962264153,0.8821989686468209,0.075075,0
RoboDojo-Sim,fasten_screws,Spirit v1.5,6,0,0,0,0,0.137,0.016561315826836162,0.2969001079830307,0.4811320754716981,0.718416759589358,0.06849999999999999,0
RoboDojo-Sim,fasten_screws,StarVLA,6,0.3333333333333333,0,0,0,0.21860000000000002,0.026799543591178962,0.2989143761889594,0.33333333333333337,0.8036216160694917,0.10930000000000001,0
RoboDojo-Sim,fasten_screws,X-VLA,6,0,0,0,0,0.08964999999999998,0.008983439760932178,0.21393435309351683,0.4213836477987421,0.9625093726568357,0.04482499999999999,0
RoboDojo-Sim,fasten_screws,X-WAM,6,0.8333333333333334,0.3333333333333333,0,0,0.41329999999999995,0.05376535649172624,0.19208608594576565,0.29559748427672955,0.993058880272804,0.20665,0
RoboDojo-Sim,fasten_screws,Xiaomi-Robotics-0,6,0.3333333333333333,0,0,0,0.15015,0.0200545941275804,0.33806465104630845,0.4276729559748428,0.8707402978709543,0.075075,0
RoboDojo-Sim,fill_egg_holder,Hy-Embodied-0.5-VLA,6,0.8333333333333334,0.16666666666666666,0.16666666666666666,0.16666666666666666,0.41295,0.1736717009911288,0.16702154333017183,0.43220338983050843,0.3679415588255917,0.20215,0.5377701463175149
RoboDojo-Sim,fill_egg_holder,AHA-WAM,6,0,0,0,0,0.1716,0.03385136345657689,0.43785192030661657,0.34745762711864403,0.5925289979919004,0.0858,0
RoboDojo-Sim,fill_egg_holder,Fast-WAM,6,0.16666666666666666,0,0,0,0.14200000000000002,0.054036989141478545,0.046593035056801624,0.5932203389830508,0.6422158805031902,0.071,0
RoboDojo-Sim,fill_egg_holder,GalaxeaVLA (G0),6,0.3333333333333333,0,0,0,0.15060714285714286,0.04757259402016362,0.1831267725151291,0.6694915254237288,0.5766667288256822,0.07530357142857146,0
RoboDojo-Sim,fill_egg_holder,GigaWorld-Policy-0,6,0.16666666666666666,0,0,0,0.11589999999999999,0.037426563400502336,0.3099767048518578,0.5847457627118644,0.000018877596580891576,0.05795,0
RoboDojo-Sim,fill_egg_holder,GROOT-N1.7,6,0,0,0,0,0.07014285714285715,0.03464377482745682,0.08773976016265542,0.788135593220339,1,0.03507142857142857,0
RoboDojo-Sim,fill_egg_holder,InternVLA-A1,6,0.16666666666666666,0,0,0,0.09129999999999999,0.02833682532124574,0.09294248402333985,0.652542372881356,0.5214093928232799,0.045649999999999996,0
RoboDojo-Sim,fill_egg_holder,LDA-1B,6,1,0.16666666666666666,0,0,0.42819999999999997,0.1072866588755803,0.11569238649794736,0.23728813559322035,0.8004385388655799,0.2141,0
RoboDojo-Sim,fill_egg_holder,Pi-0,6,0,0,0,0,0.1750214285714285,0.030676708629357924,0.4122693175552647,0.4406779661016949,0.33557253268927134,0.08751071428571428,0
RoboDojo-Sim,fill_egg_holder,Pi-05,6,0.6666666666666666,0,0,0,0.3391499999999999,0.11287206796191984,0.17854647147799568,0.3898305084745763,0.5163143211300572,0.16957499999999998,0
RoboDojo-Sim,fill_egg_holder,Spatial Forcing,6,0.6666666666666666,0.16666666666666666,0,0,0.28689999999999993,0.12559551291435644,0.1686299441250019,0.4745762711864407,0.8257890347140029,0.14345,0
RoboDojo-Sim,fill_egg_holder,Spirit v1.5,6,0,0,0,0,0.14889999999999998,0.05143134029628885,0.37995931128414584,0.6186440677966102,0.24026571667349106,0.07444999999999999,0
RoboDojo-Sim,fill_egg_holder,StarVLA,6,0.16666666666666666,0,0,0,0.061,0.027947058823529408,0.0946885859378832,0.6440677966101696,1,0.0305,0
RoboDojo-Sim,fill_egg_holder,X-VLA,6,0.3333333333333333,0,0,0,0.20755,0.036335254228246266,0.3246095546937321,0.2203389830508475,0.16170618859231195,0.10377499999999999,0
RoboDojo-Sim,fill_egg_holder,X-WAM,6,0.3333333333333333,0,0,0,0.21745,0.07055639606006249,0.1421947321486788,0.6186440677966102,0.6096506007517205,0.108725,0
RoboDojo-Sim,fill_egg_holder,Xiaomi-Robotics-0,6,0.3333333333333333,0,0,0,0.1397,0.053069692408941854,0.1248153155297978,0.5169491525423728,0.44488502665544005,0.06985,0
RoboDojo-Sim,fill_pen_holder,AHA-WAM,6,1,0.3333333333333333,0,0,0.46274999999999994,0.08821975328852752,0.4094097615363106,0.19021739130434784,0.6354722452359511,0.231375,0
RoboDojo-Sim,fill_pen_holder,Fast-WAM,6,0.6666666666666666,0.3333333333333333,0.16666666666666666,0,0.3954,0.11618115209067956,0.1339405793088937,0.3586956521739131,0.8024418986917421,0.1977,0
RoboDojo-Sim,fill_pen_holder,GalaxeaVLA (G0),6,0.8333333333333334,0.5,0.16666666666666666,0,0.48154999999999987,0.12182622763791576,0.1659226401423211,0.29891304347826086,0.35463066038999014,0.34077499999999994,0
RoboDojo-Sim,fill_pen_holder,GigaWorld-Policy-0,6,0.8333333333333334,0.6666666666666666,0.16666666666666666,0,0.5841357142857142,0.19171720736893483,0.074577555220847,0.2826086956521739,0.9314975602060331,0.49206785714285717,0
RoboDojo-Sim,fill_pen_holder,GROOT-N1.7,6,1,0.5,0,0,0.5137999999999999,0.1424478399867764,0.3044385950940195,0.19021739130434784,0.7665686072750876,0.3569,0
RoboDojo-Sim,fill_pen_holder,Hy-Embodied-0.5-VLA,6,1,1,0.6666666666666666,0,0.7866,0.33363586878160895,0.06624752425548573,0.2065217391304348,0.7819718997208298,0.8932999999999999,0
RoboDojo-Sim,fill_pen_holder,InternVLA-A1,6,0.5,0.16666666666666666,0,0,0.2891,0.06855795574674484,0.36422800448455644,0.358695652173913,0.6567795792214274,0.14455,0
RoboDojo-Sim,fill_pen_holder,LDA-1B,6,0.6666666666666666,0,0,0,0.2637999999999999,0.057048258967338436,0.1839950770273932,0.2826086956521739,0.67925598314755,0.13190000000000002,0
RoboDojo-Sim,fill_pen_holder,Pi-0,6,0.8333333333333334,0.16666666666666666,0,0,0.38929999999999987,0.07792530467154767,0.4217518496035316,0.2826086956521739,0.8869044428964976,0.19464999999999988,0
RoboDojo-Sim,fill_pen_holder,Pi-05,6,1,0.6666666666666666,0.3333333333333333,0,0.59985,0.1671018393025897,0.12712404869830846,0.17934782608695654,0.8469620944040557,0.49992500000000006,0
RoboDojo-Sim,fill_pen_holder,Spatial Forcing,6,1,1,0,0,0.65245,0.17580959055201267,0.1906585573374326,0.141304347826087,0.6781321286350457,0.526225,0
RoboDojo-Sim,fill_pen_holder,Spirit v1.5,6,0.16666666666666666,0,0,0,0.16144999999999998,0.033480953979354765,0.2839176970572511,0.4619565217391305,0.5810540137645629,0.08072499999999999,0
RoboDojo-Sim,fill_pen_holder,StarVLA,6,0.6666666666666666,0.16666666666666666,0,0,0.4547499999999999,0.10091278641981352,0.21782577345721815,0.23369565217391305,0.2275493934807316,0.227375,0
RoboDojo-Sim,fill_pen_holder,X-VLA,6,1,0.6666666666666666,0.3333333333333333,0,0.6911285714285713,0.17169563245485103,0.18391428607253232,0.19021739130434784,0.8161506385215744,0.5455642857142857,0
RoboDojo-Sim,fill_pen_holder,X-WAM,6,1,0.6666666666666666,0.3333333333333333,0,0.5419999999999999,0.1214350851560404,0.25759691822318653,0.17934782608695654,0.2592121541435941,0.471,0
RoboDojo-Sim,fill_pen_holder,Xiaomi-Robotics-0,6,1,0.5,0.16666666666666666,0,0.5851999999999999,0.16101949944583405,0.21581304457515876,0.19565217391304351,0.6023969581476478,0.3926,0
RoboDojo-Sim,fold_clothes,AHA-WAM,12,0.9166666666666666,0.5,0.4166666666666667,0,0.5249321428571428,0.39199062563262466,0.0489909392370371,0.30501930501930496,1,0.3624660714285715,0
RoboDojo-Sim,fold_clothes,Fast-WAM,12,0.6666666666666666,0.5,0.4166666666666667,0,0.5723,0.3870591255587245,0.039381818130678564,0.3138461538461539,0.8216351939488472,0.38615,0
RoboDojo-Sim,fold_clothes,GalaxeaVLA (G0),12,0.5,0.25,0.16666666666666666,0,0.25470000000000004,0.1558627174500491,0.03683864774393839,0.7738095238095238,0.9285803560269255,0.12735000000000002,0
RoboDojo-Sim,fold_clothes,GigaWorld-Policy-0,12,0.5833333333333334,0.4166666666666667,0.3333333333333333,0,0.33345,0.27451323756551327,0.06882712753277634,0.6071428571428572,0.8890094757523044,0.166725,0
RoboDojo-Sim,fold_clothes,GROOT-N1.7,12,0.25,0.08333333333333333,0.08333333333333333,0,0.05789999999999999,0.021093511006207,0.11962284362851,0.8690476190476191,0.6165119079339552,0.028949999999999997,0
RoboDojo-Sim,fold_clothes,Hy-Embodied-0.5-VLA,12,0.5833333333333334,0.5,0.16666666666666666,0,0.44634285714285715,0.28408329227549545,0.05975454276053145,0.48809523809523814,1,0.3231714285714286,0
RoboDojo-Sim,fold_clothes,InternVLA-A1,12,0.8333333333333334,0.3333333333333333,0.25,0,0.37534999999999985,0.1843991626529473,0.09556045876197694,0.4285714285714286,0.9768371069546592,0.18767499999999998,0
RoboDojo-Sim,fold_clothes,LDA-1B,12,0.16666666666666666,0.08333333333333333,0,0,0.12065,0.0499022218409523,0.27283230576984635,0.75,0.09627240035476642,0.060325,0
RoboDojo-Sim,fold_clothes,Pi-0,12,0.5833333333333334,0.4166666666666667,0.25,0,0.3188142857142857,0.19788270534284555,0.013843408068737014,0.5125,1,0.15940714285714286,0
RoboDojo-Sim,fold_clothes,Pi-05,12,0.9166666666666666,0.5,0.5,0,0.6287499999999998,0.31751091397291376,0.07272796679198874,0.3904761904761904,0.9328051936416484,0.5643749999999998,0
RoboDojo-Sim,fold_clothes,Spatial Forcing,12,0.9166666666666666,0.6666666666666666,0.4166666666666667,0,0.5480571428571428,0.4731451588466251,0.01694055096343828,0.43154761904761907,1,0.47402857142857147,0
RoboDojo-Sim,fold_clothes,Spirit v1.5,12,0.08333333333333333,0,0,0,0.049149999999999985,0.023084166965256555,0.1177343891607758,0.8928571428571428,0.781337840810227,0.024574999999999993,0
RoboDojo-Sim,fold_clothes,StarVLA,12,0.5,0.4166666666666667,0.3333333333333333,0,0.24202857142857145,0.08927178479808986,0.09280133607227259,0.5714285714285714,0.9463224233106474,0.12101428571428573,0
RoboDojo-Sim,fold_clothes,X-VLA,12,0.8333333333333334,0.6666666666666666,0.25,0,0.5257285714285714,0.3583882951424481,0.03499542221900775,0.34523809523809523,1,0.46286428571428573,0
RoboDojo-Sim,fold_clothes,X-WAM,12,0.8333333333333334,0.5,0.5,0,0.6213071428571428,0.400719172477071,0.033254405083521406,0.30666666666666664,0.7894010647256945,0.5606535714285714,0
RoboDojo-Sim,fold_clothes,Xiaomi-Robotics-0,12,0.6666666666666666,0.5,0.3333333333333333,0,0.39805,0.23019717244587784,0.07101668687939562,0.4023809523809524,1,0.299025,0
RoboDojo-Sim,general_pickup,AHA-WAM,6,0,0,0,0,0.15070555555555554,0.11323316837581959,0.036536146519184756,0.5294117647058824,0.7716411857024469,0.07535277777777777,0
RoboDojo-Sim,general_pickup,Fast-WAM,6,0,0,0,0,0.1522,0.09651816984697587,0.03878373358638454,0.4705882352941177,0.0003471343556586715,0.07609999999999999,0
RoboDojo-Sim,general_pickup,GalaxeaVLA (G0),6,0,0,0,0,0.13795000000000002,0.11053747473245726,0.07284779196652755,0.5,0.10754753002032481,0.06897499999999998,0
RoboDojo-Sim,general_pickup,GigaWorld-Policy-0,6,0,0,0,0,0.1222,0.1040364135579942,0.03887736002022049,0.7058823529411765,0.3294215710934191,0.06109999999999999,0
RoboDojo-Sim,general_pickup,GROOT-N1.7,6,0,0,0,0,0.11495,0.10182598609793142,0.03983184951069532,0.4411764705882353,0.10214792503844816,0.057475,0
RoboDojo-Sim,general_pickup,Hy-Embodied-0.5-VLA,6,0,0,0,0,0.13645000000000002,0.10140424902489809,0.07618401194697738,0.5,0.3263072736814837,0.06822499999999998,0
RoboDojo-Sim,general_pickup,InternVLA-A1,6,0.16666666666666666,0,0,0,0.14875,0.10371585888943564,0.1142838146039453,0.4117647058823529,0.4711478927568625,0.074375,0
RoboDojo-Sim,general_pickup,LDA-1B,6,0,0,0,0,0.08477777777777776,0.07773603621456981,0.007203454883552608,0.6176470588235294,0.0005321107260488426,0.042388888888888886,0
RoboDojo-Sim,general_pickup,Pi-0,6,0,0,0,0,0.155,0.12081896075895575,0.026978546157201112,0.5,0.00005642899746066491,0.0775,0
RoboDojo-Sim,general_pickup,Pi-05,6,0,0,0,0,0.11615,0.11502288062283735,0.029419272312636878,0.5441176470588236,0.00009182830148251712,0.058074999999999995,0
RoboDojo-Sim,general_pickup,Spatial Forcing,6,0,0,0,0,0.1482,0.1037712972282254,0.11717533725091347,0.4705882352941176,0.39485172326797463,0.0741,0
RoboDojo-Sim,general_pickup,Spirit v1.5,6,0,0,0,0,0.12309523809523809,0.10906812765015969,0.01397014967603204,0.5588235294117647,0.6444009334151757,0.061547619047619045,0
RoboDojo-Sim,general_pickup,StarVLA,6,0,0,0,0,0.1275,0.1028847681484317,0.06757581994140613,0.5294117647058824,0.000029374720655198853,0.06374999999999999,0
RoboDojo-Sim,general_pickup,X-VLA,6,0,0,0,0,0.15410000000000001,0.10700958698162219,0.12007546173231201,0.4705882352941176,0.00012223977746159543,0.07704999999999998,0
RoboDojo-Sim,general_pickup,X-WAM,6,0,0,0,0,0.158,0.10425534486573748,0.12392983094454046,0.4117647058823529,0.1083244777217281,0.07899999999999999,0
RoboDojo-Sim,general_pickup,Xiaomi-Robotics-0,6,0,0,0,0,0.1294,0.09423021256550668,0.10824515241836484,0.4411764705882353,0.47878422515271923,0.06469999999999998,0
RoboDojo-Sim,hang_mugs,Spatial Forcing,12,0.9166666666666666,0.5833333333333334,0.3333333333333333,0.16666666666666666,0.5479571428571428,0.19748725212853552,0.08829510945486814,0.291044776119403,1,0.346,0.7646307598249619
RoboDojo-Sim,hang_mugs,AHA-WAM,12,0.5833333333333334,0.3333333333333333,0,0,0.29674999999999996,0.09702173297330688,0.16745994622843904,0.4477611940298507,0.5747227450471261,0.14837499999999998,0
RoboDojo-Sim,hang_mugs,Fast-WAM,12,0.5833333333333334,0.16666666666666666,0,0,0.2643,0.10533106383700758,0.10166448969686845,0.582089552238806,0.9611721740322509,0.13215,0
RoboDojo-Sim,hang_mugs,GalaxeaVLA (G0),12,0.5833333333333334,0.4166666666666667,0.08333333333333333,0,0.44567222222222214,0.17459280234524605,0.16616999903639335,0.4776119402985075,0.7132629334805299,0.2228361111111111,0
RoboDojo-Sim,hang_mugs,GigaWorld-Policy-0,12,0.5833333333333334,0.4166666666666667,0.08333333333333333,0,0.37005,0.13249414341309168,0.07226574358575176,0.29104477611940294,0.8673474864353921,0.18502499999999994,0
RoboDojo-Sim,hang_mugs,GROOT-N1.7,12,0.6666666666666666,0.4166666666666667,0.16666666666666666,0,0.2989,0.1285530916381003,0.10778741853583496,0.4328358208955224,0.7270170727572478,0.14945,0
RoboDojo-Sim,hang_mugs,Hy-Embodied-0.5-VLA,12,0.6666666666666666,0.3333333333333333,0,0,0.35929999999999995,0.11301978057660954,0.1459380396514607,0.3880597014925373,0.7732443335577862,0.17965,0
RoboDojo-Sim,hang_mugs,InternVLA-A1,12,0.5833333333333334,0.08333333333333333,0,0,0.34315,0.1138247916533192,0.20630465182174715,0.47761194029850745,0.7735138981101177,0.171575,0
RoboDojo-Sim,hang_mugs,LDA-1B,12,0.4166666666666667,0,0,0,0.1282,0.05153474842102688,0.2527604239775106,0.7164179104477613,0.5229501355813508,0.06409999999999999,0
RoboDojo-Sim,hang_mugs,Pi-0,12,0.5833333333333334,0.3333333333333333,0.16666666666666666,0,0.3974833333333333,0.1208963694187099,0.07983758587059275,0.3955223880597015,0.8870024747964858,0.19874166666666665,0
RoboDojo-Sim,hang_mugs,Pi-05,12,0.75,0.5833333333333334,0.08333333333333333,0,0.5145,0.17564807169791385,0.15946927659712584,0.29104477611940294,0.9485072445707662,0.45725000000000005,0
RoboDojo-Sim,hang_mugs,Spirit v1.5,12,0.4166666666666667,0.4166666666666667,0.08333333333333333,0,0.11648571428571428,0.038868123759879566,0.1559364623710297,0.5223880597014925,0.28158938061176564,0.05824285714285714,0
RoboDojo-Sim,hang_mugs,StarVLA,12,0.75,0.3333333333333333,0.08333333333333333,0,0.3839999999999999,0.11753735193357484,0.10446381818450046,0.35820895522388063,0.4500178467333246,0.192,0
RoboDojo-Sim,hang_mugs,X-VLA,12,0.75,0.5,0.08333333333333333,0,0.5120999999999999,0.22951381125957276,0.09390080431457443,0.4029850746268656,0.7481005980358635,0.35605,0
RoboDojo-Sim,hang_mugs,X-WAM,12,0.9166666666666666,0.5,0.08333333333333333,0,0.5006999999999999,0.20091914898054614,0.1271021897347637,0.28358208955223874,0.6852395471223823,0.35035,0
RoboDojo-Sim,hang_mugs,Xiaomi-Robotics-0,12,0.8333333333333334,0.3333333333333333,0.08333333333333333,0,0.39769999999999994,0.1652692932873638,0.1221276609688315,0.29104477611940294,0.8706731278672523,0.19885,0
RoboDojo-Sim,insert_key,LDA-1B,6,1,1,1,0.6666666666666666,1,0.8258484611489281,0.008337999999999996,0.33999999999999997,0.5231980374610877,0.9770749999999998,0.8729893536903652
RoboDojo-Sim,insert_key,X-WAM,6,1,1,0.8333333333333334,0.6666666666666666,1,0.520090041588118,0.3078469841269842,0.2,0.02721715245693249,0.7448999999999999,0.7706165478714324
RoboDojo-Sim,insert_key,Xiaomi-Robotics-0,6,1,1,1,0.6666666666666666,1,0.639488445325727,0.07580996825396827,0.16,0.01911809291571107,0.9827499999999999,0.8586797416116444
RoboDojo-Sim,insert_key,GalaxeaVLA (G0),6,1,1,1,0.5,0.9895499999999999,0.757675309514049,0.04403971206144937,0.22,0.00000468225232390216,0.9873999999999998,0.888
RoboDojo-Sim,insert_key,GigaWorld-Policy-0,6,0.6666666666666666,0.6666666666666666,0.6666666666666666,0.5,0.9789999999999999,0.7201079950868867,0.025159701136786942,0.5,0.17504504498930257,0.06225,0.896
RoboDojo-Sim,insert_key,Hy-Embodied-0.5-VLA,6,0.5,0.5,0.5,0.5,0.5642857142857143,0.5433363570948744,0.010906543209876541,0.45999999999999996,0.9575477419441787,0.061,0.912
RoboDojo-Sim,insert_key,Pi-05,6,0.8333333333333334,0.8333333333333334,0.8333333333333334,0.5,0.9791999999999998,0.4933772086342932,0.1356160275080191,0.18,0.3393831593571228,0.8955749999999998,0.8101695373068433
RoboDojo-Sim,insert_key,StarVLA,6,0.8333333333333334,0.8333333333333334,0.6666666666666666,0.5,0.9915999999999998,0.8122445651894645,0.0106725555555556,0.32,0.35719151663182136,0.57175,0.8925987464231352
RoboDojo-Sim,insert_key,X-VLA,6,1,1,1,0.5,0.9979,0.549535499087473,0.05977497434303443,0.2,0.9624557997389437,0.9841499999999999,0.8712192545766196
RoboDojo-Sim,insert_key,AHA-WAM,6,1,1,0.8333333333333334,0.3333333333333333,0.9179499999999998,0.45402403181739664,0.1909366284654051,0.16,0.0000018363496247188679,0.9148249999999999,0.7516040292577093
RoboDojo-Sim,insert_key,InternVLA-A1,6,0.6666666666666666,0.6666666666666666,0.6666666666666666,0.3333333333333333,0.9187999999999998,0.44925392023662275,0.04367570850977996,0.33999999999999997,0.00002518828241102242,0.5113749999999999,0.8965551595929138
RoboDojo-Sim,insert_key,Fast-WAM,6,0.5,0.5,0.5,0.16666666666666666,0.46199999999999997,0.2275149433096757,0.048481555424102055,0.5800000000000001,0.49590207382862417,0.06475,0.891935746031746
RoboDojo-Sim,insert_key,Pi-0,6,0.8333333333333334,0.8333333333333334,0.6666666666666666,0.16666666666666666,0.8234749999999998,0.4231578693382462,0.33177381031757985,0.16,0.015042972644836401,0.9048499999999999,0.7129020786253968
RoboDojo-Sim,insert_key,GROOT-N1.7,6,0.6666666666666666,0.5,0.5,0,0.6407749999999999,0.3066402317097128,0.16948660630069795,0.34,0.26575499239664596,0.5703874999999998,0
RoboDojo-Sim,insert_key,Spatial Forcing,6,1,1,0.6666666666666666,0,0.9396821428571427,0.3502270553620689,0.2281548270857366,0.04,0.31912725142367837,0.9698410714285713,0
RoboDojo-Sim,insert_key,Spirit v1.5,6,0.16666666666666666,0.16666666666666666,0,0,0.12375,0.05732940340777141,0.1805340934549437,0.28,0.6071027278923405,0.061875,0
RoboDojo-Sim,insert_tubes,AHA-WAM,6,1,0.5,0.3333333333333333,0.3333333333333333,0.5732642857142857,0.1789159416080613,0.13830431426279055,0.11904761904761901,1,0.2444642857142857,0.8728243449494677
RoboDojo-Sim,insert_tubes,GalaxeaVLA (G0),6,1,1,0.8333333333333334,0.3333333333333333,0.9757142857142856,0.7232120803306004,0.019471808842726618,0.10531135531135533,1,0.9753249999999999,0.8260863973081574
RoboDojo-Sim,insert_tubes,Hy-Embodied-0.5-VLA,6,1,1,0.8333333333333334,0.3333333333333333,0.9900714285714285,0.8202912835122407,0.01828414588057449,0.1309523809523809,0.7698708944427092,0.9543642857142857,0.8635794424661014
RoboDojo-Sim,insert_tubes,Fast-WAM,6,1,0.8333333333333334,0.6666666666666666,0.16666666666666666,0.90635,0.4018843024259895,0.10170900388933315,0.04761904761904762,1,0.9355,0.6880977826773516
RoboDojo-Sim,insert_tubes,InternVLA-A1,6,1,0.8333333333333334,0.5,0.16666666666666666,0.7799999999999999,0.4296520610802662,0.0677126633338265,0.15476190476190477,0.07576196437161055,0.56855,0.9312393743078626
RoboDojo-Sim,insert_tubes,Pi-05,6,1,1,0.5,0.16666666666666666,0.7344499999999998,0.441188052626291,0.05224522284292048,0.1785714285714286,0.9831671649483766,0.5243,0.888870219504547
RoboDojo-Sim,insert_tubes,GigaWorld-Policy-0,6,1,0.8333333333333334,0.3333333333333333,0,0.6344000000000001,0.39827338189030353,0.07770957108851062,0.11904761904761901,0.9619358472625792,0.5172,0
RoboDojo-Sim,insert_tubes,GROOT-N1.7,6,0.8333333333333334,0.3333333333333333,0,0,0.43839999999999996,0.2528087591371995,0.1344180601256063,0.3452380952380952,0.7856846487228255,0.21919999999999995,0
RoboDojo-Sim,insert_tubes,LDA-1B,6,0.6666666666666666,0.5,0,0,0.4841999999999999,0.1905191829593568,0.12542290614278878,0.2142857142857143,0.7436996131692797,0.3421,0
RoboDojo-Sim,insert_tubes,Pi-0,6,0.8333333333333334,0.8333333333333334,0.5,0,0.7341587301587302,0.47373956101449055,0.05216918068377756,0.130952380952381,1,0.7170793650793652,0
RoboDojo-Sim,insert_tubes,Spatial Forcing,6,1,1,1,0,0.9842857142857142,0.9439434216309933,0.001570842423866093,0.057692307692307696,1,0.9921428571428571,0
RoboDojo-Sim,insert_tubes,Spirit v1.5,6,0.8333333333333334,0.6666666666666666,0.16666666666666666,0,0.5162,0.22243133444383625,0.1817996341946703,0.10714285714285711,0.6781888881770204,0.45809999999999995,0
RoboDojo-Sim,insert_tubes,StarVLA,6,1,0.6666666666666666,0.16666666666666666,0,0.5509999999999999,0.2608884926630333,0.08090454723789198,0.1309523809523809,1,0.47550000000000003,0
RoboDojo-Sim,insert_tubes,X-VLA,6,1,0.8333333333333334,0.5,0,0.8293571428571429,0.517436171631701,0.03001831679716295,0.1309523809523809,1,0.7646785714285714,0
RoboDojo-Sim,insert_tubes,X-WAM,6,1,1,0.5,0,0.7504499999999998,0.5048413487116059,0.03869147650273342,0.119047619047619,0.980427889020072,0.7252249999999999,0
RoboDojo-Sim,insert_tubes,Xiaomi-Robotics-0,6,1,0.6666666666666666,0.5,0,0.7628285714285714,0.498163699734135,0.07871329259160013,0.2142857142857143,0.6387683455228661,0.7314142857142857,0
RoboDojo-Sim,make_kong,Spirit v1.5,6,1,0.8333333333333334,0.6666666666666666,0.6666666666666666,1,0.4581354710141674,0.03896171285719424,0.29000000000000004,0.9200123276311278,0.36076111111111114,0.7523915297698395
RoboDojo-Sim,make_kong,GalaxeaVLA (G0),6,1,0.8333333333333334,0.3333333333333333,0.16666666666666666,0.5580999999999999,0.34572086631224025,0.1109750204977748,0.30000000000000004,0.08672900003701312,0.4624,0.6839898683881919
RoboDojo-Sim,make_kong,GigaWorld-Policy-0,6,1,0.8333333333333334,0.16666666666666666,0.16666666666666666,0.5843999999999999,0.28280664427710056,0.09555040802005761,0.25,0.2804429708504579,0.4572,0.7730609053763442
RoboDojo-Sim,make_kong,GROOT-N1.7,6,1,0.6666666666666666,0.3333333333333333,0.16666666666666666,0.58815,0.2993322232205876,0.06062131408724209,0.33,0.21246734289270486,0.4572,0.8626740721317756
RoboDojo-Sim,make_kong,Hy-Embodied-0.5-VLA,6,1,0.6666666666666666,0.3333333333333333,0.16666666666666666,0.6154857142857142,0.40549509118242516,0.09747430946040075,0.28,0.45897514136653117,0.4522,0.7790981097917914
RoboDojo-Sim,make_kong,Pi-05,6,1,0.6666666666666666,0.3333333333333333,0.16666666666666666,0.6731999999999999,0.3636887527224571,0.07336200450140096,0.30000000000000004,0.4468872216583456,0.5285,0.7876392348675035
RoboDojo-Sim,make_kong,Spatial Forcing,6,1,0.8333333333333334,0.3333333333333333,0.16666666666666666,0.6165499999999999,0.3478918775537897,0.1331471077924444,0.28,0.21227017483836447,0.4581999999999999,0.6755794148232221
RoboDojo-Sim,make_kong,X-WAM,6,1,0.5,0.5,0.16666666666666666,0.5267444444444443,0.30630982290305486,0.03657385043841975,0.33,0.9211251036068546,0.1499444444444444,0.776629830683713
RoboDojo-Sim,make_kong,Xiaomi-Robotics-0,6,1,0.6666666666666666,0.3333333333333333,0.16666666666666666,0.6335999999999999,0.342443353976289,0.1623793215406007,0.28,0.120619816993261,0.4598,0.7183636753828034
RoboDojo-Sim,make_kong,AHA-WAM,6,1,0.6666666666666666,0.3333333333333333,0,0.6263,0.24531185474073405,0.12153065257785735,0.25,0.9379981364803031,0.51315,0
RoboDojo-Sim,make_kong,Fast-WAM,6,1,0.6666666666666666,0.16666666666666666,0,0.51,0.21312063442251528,0.06502497271859577,0.35,0.3022149336139586,0.45499999999999996,0
RoboDojo-Sim,make_kong,InternVLA-A1,6,1,0.5,0,0,0.41470714285714283,0.2520409984542066,0.03998978818536116,0.43,1,0.30735357142857145,0
RoboDojo-Sim,make_kong,LDA-1B,6,1,0.8333333333333334,0.3333333333333333,0,0.7255999999999999,0.3968281631287741,0.1553273593931301,0.36,0.0807795251542971,0.5628,0
RoboDojo-Sim,make_kong,Pi-0,6,1,1,0.3333333333333333,0,0.64585,0.3306066796743843,0.11069995367718609,0.16999999999999998,0.034610544792451646,0.5229250000000001,0
RoboDojo-Sim,make_kong,StarVLA,6,1,0.8333333333333334,0.16666666666666666,0,0.5844499999999999,0.30788975192532864,0.22718118011235724,0.32,0.10324802851564421,0.49222499999999997,0
RoboDojo-Sim,make_kong,X-VLA,6,1,1,0.3333333333333333,0,0.676911111111111,0.39434237991935184,0.14474126723508365,0.35,0.07127705113549222,0.5384555555555556,0
RoboDojo-Sim,make_toast,AHA-WAM,12,0.4166666666666667,0,0,0,0.23254999999999998,0.049946072061853045,0.46207414829510823,0.5341880341880343,0.5655806855769617,0.11627499999999999,0
RoboDojo-Sim,make_toast,Fast-WAM,12,0.5833333333333334,0,0,0,0.3197,0.07871049882237305,0.12854643558515355,0.5213675213675214,0.7501561524047449,0.15985,0
RoboDojo-Sim,make_toast,GalaxeaVLA (G0),12,0.25,0.08333333333333333,0,0,0.21124999999999994,0.03308093065648279,0.34369421709989,0.5042735042735043,0.6984803323826225,0.105625,0
RoboDojo-Sim,make_toast,GigaWorld-Policy-0,12,0.4166666666666667,0.08333333333333333,0,0,0.19265,0.04161421608924187,0.07234374484770383,0.5683760683760684,0.6732868619324042,0.096325,0
RoboDojo-Sim,make_toast,GROOT-N1.7,12,0.25,0,0,0,0.1733,0.05180221538197892,0.16080745995835985,0.688034188034188,0.3727562577728287,0.08664999999999998,0
RoboDojo-Sim,make_toast,Hy-Embodied-0.5-VLA,12,0.5833333333333334,0,0,0,0.2810999999999999,0.08327642456455084,0.17598795915317436,0.5085470085470085,0.484970464176273,0.14055,0
RoboDojo-Sim,make_toast,InternVLA-A1,12,0.5,0,0,0,0.25725,0.05766118398083015,0.21334922751411925,0.7264957264957266,0.38159154626611347,0.128625,0
RoboDojo-Sim,make_toast,LDA-1B,12,0.08333333333333333,0,0,0,0.15045,0.02227290922514153,0.3787988489937012,0.4700854700854701,0.5566797844438758,0.07522499999999999,0
RoboDojo-Sim,make_toast,Pi-0,12,0.5,0.08333333333333333,0,0,0.20235,0.0402368833082678,0.15354343322011343,0.5128205128205128,0.263348962020982,0.10117499999999999,0
RoboDojo-Sim,make_toast,Pi-05,12,0.8333333333333334,0.16666666666666666,0,0,0.4690499999999999,0.16474941943631505,0.1324482504540984,0.4700854700854701,0.5759580512464518,0.23452499999999998,0
RoboDojo-Sim,make_toast,Spatial Forcing,12,0.5833333333333334,0,0,0,0.3190499999999999,0.08236400414700676,0.2915503932862664,0.5256410256410255,0.6792035284848044,0.159525,0
RoboDojo-Sim,make_toast,Spirit v1.5,12,0.08333333333333333,0,0,0,0.16945,0.03071565372558724,0.30829048987361685,0.47435897435897434,0.6274161053698576,0.08472499999999998,0
RoboDojo-Sim,make_toast,StarVLA,12,0.4166666666666667,0,0,0,0.17945,0.05675447370563483,0.1581051361903121,0.641025641025641,0.5341707924625878,0.089725,0
RoboDojo-Sim,make_toast,X-VLA,12,0.5833333333333334,0,0,0,0.37070000000000003,0.06575272104205351,0.28612327060167597,0.4230769230769231,0.5837873338701405,0.18535000000000001,0
RoboDojo-Sim,make_toast,X-WAM,12,0.9166666666666666,0.08333333333333333,0,0,0.3894999999999999,0.11271260973808735,0.17106476687385574,0.4017094017094017,0.5490979480701339,0.19474999999999998,0
RoboDojo-Sim,make_toast,Xiaomi-Robotics-0,12,0.4166666666666667,0,0,0,0.21075,0.04326893716872331,0.32905448108267854,0.5512820512820513,0.8197491595877899,0.105375,0
RoboDojo-Sim,organize_table,AHA-WAM,6,0.6666666666666666,0.3333333333333333,0,0,0.27135,0.053926144480428886,0.11430238889556738,0.5119047619047619,0.5759773354756207,0.135675,0
RoboDojo-Sim,organize_table,Fast-WAM,6,0.5,0,0,0,0.25189999999999996,0.03781871690987604,0.27220034997161213,0.38095238095238104,0.7641235402207847,0.12595,0
RoboDojo-Sim,organize_table,GalaxeaVLA (G0),6,0.6666666666666666,0.3333333333333333,0,0,0.35179999999999995,0.10990863754914537,0.09350187431973332,0.39285714285714285,0.07453251091764292,0.1759,0
RoboDojo-Sim,organize_table,GigaWorld-Policy-0,6,0.6666666666666666,0.5,0.16666666666666666,0,0.39509999999999995,0.14572433413731986,0.1801722512062154,0.35119047619047616,0.000978328107233051,0.29755,0
RoboDojo-Sim,organize_table,GROOT-N1.7,6,0.3333333333333333,0,0,0,0.14064999999999994,0.04321757975136072,0.14899625893137075,0.7023809523809523,0.49561238737606583,0.070325,0
RoboDojo-Sim,organize_table,Hy-Embodied-0.5-VLA,6,0.8333333333333334,0.8333333333333334,0.3333333333333333,0,0.72495,0.34667057192408224,0.04528514515595451,0.31547619047619047,0.22238911857034532,0.562475,0
RoboDojo-Sim,organize_table,InternVLA-A1,6,0.16666666666666666,0,0,0,0.1374,0.03877240938534791,0.13195997196173084,0.6964285714285714,0.5376128927586393,0.06869999999999998,0
RoboDojo-Sim,organize_table,LDA-1B,6,0.16666666666666666,0,0,0,0.12865,0.02385642098811326,0.1861288753855817,0.7083333333333334,0.653463471716622,0.064325,0
RoboDojo-Sim,organize_table,Pi-0,6,0.5,0,0,0,0.26605,0.053709826392214534,0.15591620763519787,0.5595238095238095,0.8264307513704126,0.133025,0
RoboDojo-Sim,organize_table,Pi-05,6,1,0.3333333333333333,0,0,0.3995571428571428,0.1463200153117875,0.09383436767062227,0.375,0.6595316342382864,0.19977857142857142,0
RoboDojo-Sim,organize_table,Spatial Forcing,6,0.8333333333333334,0.3333333333333333,0,0,0.2770952380952381,0.12446209649871817,0.04982677956003551,0.44642857142857145,1,0.13854761904761903,0
RoboDojo-Sim,organize_table,Spirit v1.5,6,0.3333333333333333,0,0,0,0.11885,0.03271994636538656,0.2119447954169982,0.8392857142857143,0.6901555862865021,0.05942499999999999,0
RoboDojo-Sim,organize_table,StarVLA,6,0.5,0,0,0,0.25889999999999996,0.05834067275701147,0.11976876189905633,0.6488095238095238,0.6702813327336558,0.12945,0
RoboDojo-Sim,organize_table,X-VLA,6,0.3333333333333333,0.16666666666666666,0,0,0.1942,0.04660207662156735,0.17386664842087673,0.5595238095238095,0.2846771835404967,0.09709999999999998,0
RoboDojo-Sim,organize_table,X-WAM,6,1,0.5,0,0,0.4585499999999999,0.1864602940954423,0.0332687876706824,0.3928571428571429,1,0.329275,0
RoboDojo-Sim,organize_table,Xiaomi-Robotics-0,6,0.5,0,0,0,0.2003,0.03938367927389111,0.10435849276591581,0.7916666666666667,0.7520085034027635,0.10015,0
RoboDojo-Sim,pack_objects_into_box,Pi-05,12,0.75,0.5,0.3333333333333333,0.25,0.5011857142857142,0.15772531019538927,0.08576723397901193,0.37155963302752293,0.9500124968757814,0.2341499999999999,0.7392952242187816
RoboDojo-Sim,pack_objects_into_box,Spatial Forcing,12,1,0.75,0.5,0.25,0.7686499999999998,0.28510371478477686,0.061834173378896046,0.3866112385321101,1,0.5428499999999999,0.7491682834839284
RoboDojo-Sim,pack_objects_into_box,Hy-Embodied-0.5-VLA,12,0.8333333333333334,0.3333333333333333,0.25,0.16666666666666666,0.4392999999999999,0.14691835951140275,0.16987073991289287,0.4311926605504587,1,0.20629999999999998,0.8221600847479569
RoboDojo-Sim,pack_objects_into_box,X-WAM,12,0.6666666666666666,0.5,0.3333333333333333,0.16666666666666666,0.5424999999999999,0.21793551572230035,0.1177403573006663,0.4954128440366973,0.9041090779759554,0.20811071428571432,0.7698827758614942
RoboDojo-Sim,pack_objects_into_box,AHA-WAM,12,0.5833333333333334,0.3333333333333333,0.16666666666666666,0.08333333333333333,0.26785000000000003,0.03928866935119836,0.24666413615127694,0.4357798165137615,0.813090174147136,0.13135,0.7720686250433809
RoboDojo-Sim,pack_objects_into_box,StarVLA,12,0.5,0.16666666666666666,0.08333333333333333,0.08333333333333333,0.25399999999999995,0.0810295444429548,0.10519618185182744,0.6743119266055047,0.166107382261812,0.10125,0.7311496641093549
RoboDojo-Sim,pack_objects_into_box,X-VLA,12,0.6666666666666666,0.3333333333333333,0.25,0.08333333333333333,0.3739999999999999,0.09077710028381973,0.07572074729248814,0.3761467889908257,0.7689335006675679,0.1795,0.7675360522331343
RoboDojo-Sim,pack_objects_into_box,Fast-WAM,12,0.16666666666666666,0,0,0,0.09904285714285714,0.021411576036550965,0.27704354448341273,0.724770642201835,0.6203856663570569,0.04952142857142857,0
RoboDojo-Sim,pack_objects_into_box,GalaxeaVLA (G0),12,0.3333333333333333,0.3333333333333333,0,0,0.10556666666666664,0.02383447056243631,0.1820261928665282,0.6009174311926606,0.7767686115153116,0.052783333333333335,0
RoboDojo-Sim,pack_objects_into_box,GigaWorld-Policy-0,12,0.5,0.16666666666666666,0.16666666666666666,0,0.25104999999999994,0.047739875700786194,0.13158232423662775,0.4174311926605505,0.7026644072411002,0.125525,0
RoboDojo-Sim,pack_objects_into_box,GROOT-N1.7,12,0.25,0.08333333333333333,0.08333333333333333,0,0.16045555555555555,0.05685665464085239,0.12824972007924762,0.6192660550458715,0.5471576211670752,0.08022777777777776,0
RoboDojo-Sim,pack_objects_into_box,InternVLA-A1,12,0.4166666666666667,0,0,0,0.1795,0.03004718279555195,0.29109281983288077,0.45871559633027525,0.7000506968415812,0.08975,0
RoboDojo-Sim,pack_objects_into_box,LDA-1B,12,0.08333333333333333,0,0,0,0.09509999999999999,0.01721377180385395,0.2905706801897923,0.6605504587155964,0.5754706874662998,0.047549999999999995,0
RoboDojo-Sim,pack_objects_into_box,Pi-0,12,0.6666666666666666,0.08333333333333333,0,0,0.3025499999999999,0.0671943265310862,0.18577038203861465,0.4816513761467891,0.17304132990122023,0.151275,0
RoboDojo-Sim,pack_objects_into_box,Spirit v1.5,12,0.16666666666666666,0,0,0,0.19264999999999996,0.03656623426289372,0.2739654172420045,0.6880733944954129,0.3754621337037652,0.096325,0
RoboDojo-Sim,pack_objects_into_box,Xiaomi-Robotics-0,12,0.5,0.25,0.08333333333333333,0,0.25564999999999993,0.08995622179432976,0.1446583209769856,0.40825688073394495,0.6079881321123619,0.127825,0
RoboDojo-Sim,pick_from_conveyor_by_image,AHA-WAM,6,0.16666666666666666,0,0,0,0.20355,0.0627776186901052,0.2137358465771701,0.3050847457627119,0.3642281520939195,0.10177499999999999,0
RoboDojo-Sim,pick_from_conveyor_by_image,Fast-WAM,6,0.6666666666666666,0,0,0,0.27619999999999995,0.08714929063095711,0.38179265037275917,0.4491525423728814,0.1451529054609783,0.1381,0
RoboDojo-Sim,pick_from_conveyor_by_image,GalaxeaVLA (G0),6,0.5,0,0,0,0.2596,0.10564510542839263,0.365641782804933,0.423728813559322,0.14255265466869066,0.1298,0
RoboDojo-Sim,pick_from_conveyor_by_image,GigaWorld-Policy-0,6,0.8333333333333334,0,0,0,0.29155,0.10402940713017969,0.3326805082201125,0.364406779661017,0.1038540353233949,0.145775,0
RoboDojo-Sim,pick_from_conveyor_by_image,GROOT-N1.7,6,0.6666666666666666,0,0,0,0.26495,0.09671908016249767,0.32398117736627485,0.3474576271186441,0.3239820111324783,0.132475,0
RoboDojo-Sim,pick_from_conveyor_by_image,Hy-Embodied-0.5-VLA,6,0.8333333333333334,0,0,0,0.26644999999999996,0.1057966544084762,0.3348471411365719,0.3898305084745763,0.1293209417134314,0.13322499999999998,0
RoboDojo-Sim,pick_from_conveyor_by_image,InternVLA-A1,6,0.3333333333333333,0,0,0,0.2375,0.08272550263350459,0.35177018843255936,0.3305084745762712,0.16880461546415965,0.11875,0
RoboDojo-Sim,pick_from_conveyor_by_image,LDA-1B,6,0.3333333333333333,0,0,0,0.21775,0.09003804165052351,0.37733838337781456,0.4830508474576271,0.016763295733067986,0.10887499999999999,0
RoboDojo-Sim,pick_from_conveyor_by_image,Pi-0,6,0.6666666666666666,0,0,0,0.26965,0.1151846678599978,0.46066923873787485,0.4576271186440678,0.08908272232466273,0.134825,0
RoboDojo-Sim,pick_from_conveyor_by_image,Pi-05,6,0.16666666666666666,0,0,0,0.2351,0.08588464843559047,0.45096006375691566,0.4406779661016949,0.0716988850607556,0.11755,0
RoboDojo-Sim,pick_from_conveyor_by_image,Spatial Forcing,6,0.3333333333333333,0,0,0,0.19180000000000003,0.07888167308272069,0.38501610249255,0.5593220338983051,0.051020558555206805,0.09590000000000001,0
RoboDojo-Sim,pick_from_conveyor_by_image,Spirit v1.5,6,0.3333333333333333,0,0,0,0.2313,0.07302846767057743,0.28229937526455506,0.3135593220338983,0.2110190457970728,0.11565,0
RoboDojo-Sim,pick_from_conveyor_by_image,StarVLA,6,1,0,0,0,0.2899999999999999,0.10917785878915526,0.366914014887576,0.4406779661016949,0.020175023248054896,0.14500000000000002,0
RoboDojo-Sim,pick_from_conveyor_by_image,X-VLA,6,0.8333333333333334,0,0,0,0.28135,0.11661351221946355,0.3987713221312893,0.4067796610169492,0.21634569022299216,0.140675,0
RoboDojo-Sim,pick_from_conveyor_by_image,X-WAM,6,0.8333333333333334,0,0,0,0.3017,0.1104647357530967,0.3520308630441591,0.3135593220338983,0.10135004846501926,0.15085,0
RoboDojo-Sim,pick_from_conveyor_by_image,Xiaomi-Robotics-0,6,0.3333333333333333,0,0,0,0.24580000000000002,0.1093291949165556,0.3726078818145069,0.4322033898305085,0.18348964082152344,0.12290000000000001,0
RoboDojo-Sim,play_stacking_toy,AHA-WAM,6,1,0,0,0,0.3838642857142857,0.06982086639614553,0.12239443171591874,0.28500000000000003,0.9828433475079964,0.19193214285714286,0
RoboDojo-Sim,play_stacking_toy,Fast-WAM,6,0.5,0,0,0,0.16488571428571425,0.04324221372145899,0.1333085810944835,0.73,0.9999999999999993,0.08244285714285714,0
RoboDojo-Sim,play_stacking_toy,GalaxeaVLA (G0),6,0.16666666666666666,0,0,0,0.06459999999999999,0.015756593711748975,0.284056017346549,0.775,0.802714795883372,0.032299999999999995,0
RoboDojo-Sim,play_stacking_toy,GigaWorld-Policy-0,6,0.5,0,0,0,0.24814999999999995,0.09183400038912118,0.12530114361755804,0.705,0.40959614161203517,0.12407499999999999,0
RoboDojo-Sim,play_stacking_toy,GROOT-N1.7,6,0.6666666666666666,0,0,0,0.271,0.05798866399307906,0.2393918280232583,0.52,0.5518118471694422,0.1355,0
RoboDojo-Sim,play_stacking_toy,Hy-Embodied-0.5-VLA,6,0.3333333333333333,0,0,0,0.0745,0.04228561683100208,0.1180255852533869,0.905,1,0.03724999999999999,0
RoboDojo-Sim,play_stacking_toy,InternVLA-A1,6,0,0,0,0,0.08219999999999998,0.01882790855133221,0.2966299135306075,0.815,0.5132207531442501,0.04109999999999999,0
RoboDojo-Sim,play_stacking_toy,LDA-1B,6,0.16666666666666666,0,0,0,0.08739999999999998,0.01523409306602544,0.35440290669382657,0.5549999999999999,0.7471713582147004,0.04369999999999999,0
RoboDojo-Sim,play_stacking_toy,Pi-0,6,0.16666666666666666,0,0,0,0.10038571428571429,0.02457184483178964,0.18457165871519926,0.815,0.767001164994175,0.050192857142857136,0
RoboDojo-Sim,play_stacking_toy,Pi-05,6,0.8333333333333334,0,0,0,0.33220000000000005,0.06835059901106413,0.1338360848223737,0.41000000000000003,1,0.16610000000000003,0
RoboDojo-Sim,play_stacking_toy,Spatial Forcing,6,1,0,0,0,0.32465,0.06683969789422342,0.18152718713285781,0.345,1,0.162325,0
RoboDojo-Sim,play_stacking_toy,Spirit v1.5,6,0.3333333333333333,0,0,0,0.2055642857142857,0.029879308754940884,0.1689498971308869,0.335,0.8342093109840827,0.10278214285714285,0
RoboDojo-Sim,play_stacking_toy,StarVLA,6,0.3333333333333333,0,0,0,0.18255,0.04065263141027949,0.1045471211730997,0.645,0.778948991614712,0.091275,0
RoboDojo-Sim,play_stacking_toy,X-VLA,6,0.8333333333333334,0.16666666666666666,0,0,0.28617777777777775,0.09737876525906382,0.1557716321182173,0.325,0.8968514436535081,0.14308888888888888,0
RoboDojo-Sim,play_stacking_toy,X-WAM,6,0.8333333333333334,0.3333333333333333,0,0,0.4211999999999999,0.09484728373358825,0.12325273676377835,0.35,0.816547862422887,0.21059999999999995,0
RoboDojo-Sim,play_stacking_toy,Xiaomi-Robotics-0,6,0,0,0,0,0.07114999999999999,0.01602093292441101,0.331916438918123,0.81,0.15147976360831175,0.03557499999999999,0
RoboDojo-Sim,play_tic_tac_toe,AHA-WAM,6,1,0,0,0,0.278,0.13726051962033925,0.044464955867533226,0.6467391304347826,1,0.139,0
RoboDojo-Sim,play_tic_tac_toe,Fast-WAM,6,0.8333333333333334,0,0,0,0.2659499999999999,0.07374386211570305,0.11522879773510825,0.38586956521739135,0.817698733054065,0.132975,0
RoboDojo-Sim,play_tic_tac_toe,GalaxeaVLA (G0),6,1,0.16666666666666666,0,0,0.367,0.16294229969174795,0.08789737255862876,0.34782608695652173,0.7752683131300186,0.1835,0
RoboDojo-Sim,play_tic_tac_toe,GigaWorld-Policy-0,6,1,0,0,0,0.27359999999999995,0.07713215489947461,0.1749951317844791,0.4456521739130435,0.526242969530548,0.13679999999999998,0
RoboDojo-Sim,play_tic_tac_toe,GROOT-N1.7,6,0.6666666666666666,0,0,0,0.25825,0.07290188246824944,0.14776552396879172,0.4184782608695653,1,0.129125,0
RoboDojo-Sim,play_tic_tac_toe,Hy-Embodied-0.5-VLA,6,1,1,0.3333333333333333,0,0.6743999999999999,0.3157931065762639,0.026305515252399728,0.3152173913043478,1,0.5371999999999999,0
RoboDojo-Sim,play_tic_tac_toe,InternVLA-A1,6,0.6666666666666666,0.16666666666666666,0,0,0.2747,0.08032746660682105,0.12463264702114846,0.3804347826086957,0.8319562318179962,0.13735,0
RoboDojo-Sim,play_tic_tac_toe,LDA-1B,6,0.3333333333333333,0,0,0,0.2409,0.08254327102999498,0.0525667593882438,0.5706521739130435,1,0.12045,0
RoboDojo-Sim,play_tic_tac_toe,Pi-0,6,1,0,0,0,0.3892499999999999,0.1512811969294989,0.06854265565701723,0.4456521739130435,0.3743629590575237,0.19462499999999994,0
RoboDojo-Sim,play_tic_tac_toe,Pi-05,6,1,0.6666666666666666,0,0,0.5311999999999999,0.19285543328146887,0.06592378086008013,0.33152173913043476,1,0.46559999999999996,0
RoboDojo-Sim,play_tic_tac_toe,Spatial Forcing,6,1,0,0,0,0.3498,0.1408253494035226,0.08302666870861765,0.4184782608695653,1,0.1749,0
RoboDojo-Sim,play_tic_tac_toe,Spirit v1.5,6,0.16666666666666666,0,0,0,0.08529999999999999,0.02826297543086747,0.31079614758629837,0.7663043478260869,0.00002511574671308659,0.042649999999999993,0
RoboDojo-Sim,play_tic_tac_toe,StarVLA,6,1,0.5,0,0,0.4707444444444444,0.19509561804769243,0.03984513002911341,0.44565217391304346,1,0.3353722222222222,0
RoboDojo-Sim,play_tic_tac_toe,X-VLA,6,1,0.8333333333333334,0.3333333333333333,0,0.63745,0.2910672859452091,0.053638411134474956,0.2663043478260869,0.5843044782750463,0.518725,0
RoboDojo-Sim,play_tic_tac_toe,X-WAM,6,1,0.3333333333333333,0,0,0.48249999999999993,0.22299668873351403,0.06681443764035312,0.4239130434782609,0.9901961985759979,0.24124999999999996,0
RoboDojo-Sim,play_tic_tac_toe,Xiaomi-Robotics-0,6,1,0.3333333333333333,0,0,0.3773642857142857,0.13435629623700002,0.08860689819204365,0.2663043478260869,0.9849419237376884,0.18868214285714285,0
RoboDojo-Sim,play_Xylophone,Xiaomi-Robotics-0,6,0.8333333333333334,0.5,0.16666666666666666,0.16666666666666666,0.4827999999999999,0.23946943793666994,0.3183126091874938,0.2738095238095238,0.15031683312916835,0.2327999999999999,0.8144386228225771
RoboDojo-Sim,play_Xylophone,AHA-WAM,6,1,0.3333333333333333,0.16666666666666666,0,0.44419999999999993,0.1994517621318157,0.3481548470554202,0.22619047619047622,0.03878020758605512,0.22209999999999996,0
RoboDojo-Sim,play_Xylophone,Fast-WAM,6,1,0.16666666666666666,0,0,0.41049999999999986,0.1506717004658218,0.2502243502912817,0.1309523809523809,0.0387174518723459,0.20525,0
RoboDojo-Sim,play_Xylophone,GalaxeaVLA (G0),6,1,0.16666666666666666,0.16666666666666666,0,0.40474999999999994,0.17629346584277544,0.36311077840469747,0.16666666666666663,0.11714993501694755,0.20237499999999997,0
RoboDojo-Sim,play_Xylophone,GigaWorld-Policy-0,6,1,0.16666666666666666,0,0,0.4625,0.21957668932990743,0.4150171569139637,0.41666666666666663,0.0035104800869372194,0.23125,0
RoboDojo-Sim,play_Xylophone,GROOT-N1.7,6,1,0.8333333333333334,0,0,0.5209999999999999,0.2361546260362204,0.27840996575437893,0.1785714285714286,0.4265533894149459,0.4605,0
RoboDojo-Sim,play_Xylophone,Hy-Embodied-0.5-VLA,6,1,0.5,0,0,0.5045999999999999,0.2194837093185674,0.24832362999179536,0.20238095238095238,0.11088071399390956,0.35229999999999995,0
RoboDojo-Sim,play_Xylophone,InternVLA-A1,6,1,0.3333333333333333,0,0,0.46364999999999995,0.1956999483120841,0.3426620644420246,0.2142857142857143,0.07220524755110216,0.231825,0
RoboDojo-Sim,play_Xylophone,LDA-1B,6,0.8333333333333334,0.5,0,0,0.4543499999999999,0.2288459806533469,0.2485410898581942,0.36904761904761896,0.00000398953398553073,0.327175,0
RoboDojo-Sim,play_Xylophone,Pi-0,6,0.6666666666666666,0.3333333333333333,0.16666666666666666,0,0.32425000000000004,0.14368462709295027,0.3105556076050787,0.29761904761904756,0.2433417439411062,0.16212500000000002,0
RoboDojo-Sim,play_Xylophone,Pi-05,6,0.8333333333333334,0.5,0,0,0.48619999999999997,0.17112549762131013,0.31659409663548277,0.20238095238095238,0.8783992635029453,0.3431,0
RoboDojo-Sim,play_Xylophone,Spatial Forcing,6,0.6666666666666666,0.3333333333333333,0,0,0.4625,0.19960327335907635,0.2378465949359573,0.19047619047619047,0.17217766679349011,0.23125,0
RoboDojo-Sim,play_Xylophone,Spirit v1.5,6,0.8333333333333334,0.16666666666666666,0,0,0.36949999999999994,0.13219502023807017,0.20229051500167325,0.1428571428571428,0.7900141215457681,0.18475,0
RoboDojo-Sim,play_Xylophone,StarVLA,6,1,0.5,0,0,0.475,0.22679436469947994,0.3292868060804569,0.20238095238095238,0.09161953949503054,0.3375,0
RoboDojo-Sim,play_Xylophone,X-VLA,6,0.8333333333333334,0.5,0,0,0.475,0.20906175204661004,0.3270286604386092,0.2023809523809524,0.27244927389339557,0.3375,0
RoboDojo-Sim,play_Xylophone,X-WAM,6,1,0.5,0,0,0.48919999999999997,0.21353664722892463,0.3141191189641991,0.2619047619047619,0.13362489233557154,0.3446,0
RoboDojo-Sim,plug_in_charger,GROOT-N1.7,6,0.8333333333333334,0.8333333333333334,0.5,0.5,0.777225,0.44712658522472254,0.05816463950509117,0.45588235294117646,0.5424902870319437,0.474,0.8790552589047895
RoboDojo-Sim,plug_in_charger,LDA-1B,6,1,0.8333333333333334,0.6666666666666666,0.5,0.9775,0.671705408388018,0.1543767822312171,0.3970588235294118,0.1536272225908665,0.548175,0.8882352941176471
RoboDojo-Sim,plug_in_charger,Pi-05,6,0.6666666666666666,0.6666666666666666,0.6666666666666666,0.5,0.99495,0.38812282729985104,0.1719293183940243,0.2352941176470588,0.089150973953912,0.0561,0.6117247996200733
RoboDojo-Sim,plug_in_charger,X-VLA,6,1,0.8333333333333334,0.6666666666666666,0.5,0.9983499999999998,0.45522493352502075,0.07313758151899466,0.22058823529411764,0.7299019932167976,0.5073928571428572,0.7119006469578929
RoboDojo-Sim,plug_in_charger,AHA-WAM,6,0.3333333333333333,0.3333333333333333,0.3333333333333333,0.3333333333333333,0.1728,0.058803053823810694,0.1866206000317346,0.3235294117647059,0.8353666902099075,0.0518,0.7183110710290022
RoboDojo-Sim,plug_in_charger,Hy-Embodied-0.5-VLA,6,1,1,0.5,0.3333333333333333,0.7379678571428571,0.3759904951141302,0.190641844625174,0.16176470588235295,0.000002370505225844565,0.4840339285714286,0.7536932822761719
RoboDojo-Sim,plug_in_charger,GalaxeaVLA (G0),6,0.5,0.16666666666666666,0.16666666666666666,0.16666666666666666,0.18095,0.05535805952926937,0.22329237516189598,0.20588235294117646,0.15101143363010625,0.0503,0.6942532302449511
RoboDojo-Sim,plug_in_charger,GigaWorld-Policy-0,6,0.8333333333333334,0.8333333333333334,0.6666666666666666,0.16666666666666666,0.8156214285714285,0.4259079253467304,0.1247243261397917,0.4411764705882353,0.8836551160304386,0.9002999999999999,0.8982248304929445
RoboDojo-Sim,plug_in_charger,InternVLA-A1,6,0.5,0.3333333333333333,0.16666666666666666,0.16666666666666666,0.177875,0.06478995736290716,0.2705250600769862,0.27941176470588236,0.06077191676854553,0.0522,0.680944306026337
RoboDojo-Sim,plug_in_charger,Spatial Forcing,6,0.8333333333333334,0.6666666666666666,0.5,0.16666666666666666,0.767417857142857,0.35393386598568155,0.18220607404761135,0.2058823529411765,0.5027290746691813,0.5591428571428572,0.7717618959042444
RoboDojo-Sim,plug_in_charger,StarVLA,6,0.5,0.3333333333333333,0.3333333333333333,0.16666666666666666,0.1958,0.07376620717034732,0.16501087811836615,0.2794117647058824,0.4895641597941974,0.06204999999999999,0.9023201288679894
RoboDojo-Sim,plug_in_charger,X-WAM,6,0.8333333333333334,0.5,0.3333333333333333,0.16666666666666666,0.4318214285714285,0.29976671313095543,0.29539876622822003,0.39705882352941174,0.4592080302813369,0.15525,0.8937981142025822
RoboDojo-Sim,plug_in_charger,Xiaomi-Robotics-0,6,0.8333333333333334,0.8333333333333334,0.5,0.16666666666666666,0.712575,0.3053126999082487,0.2797617725260134,0.22058823529411764,0.0000016238299286686734,0.4765,0.6506389953427388
RoboDojo-Sim,plug_in_charger,Fast-WAM,6,0.16666666666666666,0.16666666666666666,0.16666666666666666,0,0.1367,0.08530092488887611,0.1500492733075363,0.5147058823529411,0.03230808153478036,0.06835,0
RoboDojo-Sim,plug_in_charger,Pi-0,6,0.5,0.3333333333333333,0.3333333333333333,0,0.265025,0.12328232740992097,0.15729633275389604,0.27941176470588236,0.7712465987416417,0.13251249999999998,0
RoboDojo-Sim,plug_in_charger,Spirit v1.5,6,0.5,0.5,0.3333333333333333,0,0.317875,0.13862477431131282,0.26534962068429124,0.3382352941176471,0.40314282366955667,0.2589375,0
RoboDojo-Sim,pour_balls_into_vase,Pi-05,6,1,1,0.8333333333333334,0.8333333333333334,1,0.5152214900180583,0.059987230158730157,0.21000000000000002,1,0.4584,0.6939718271704259
RoboDojo-Sim,pour_balls_into_vase,GalaxeaVLA (G0),6,1,1,0.5,0.5,0.8725,0.3130801704677182,0.16965755888244086,0.12000000000000001,0.9770907444436221,0.48925,0.5677262695779757
RoboDojo-Sim,pour_balls_into_vase,Hy-Embodied-0.5-VLA,6,1,1,0.6666666666666666,0.5,0.9498999999999999,0.2948574635124448,0.141955,0.14333333333333337,1,0.5135555555555555,0.5734006968830426
RoboDojo-Sim,pour_balls_into_vase,Spatial Forcing,6,1,1,0.5,0.5,0.8321428571428571,0.33273767944915855,0.1565603110080554,0.23,0.5108700968803295,0.49505,0.5968138819218075
RoboDojo-Sim,pour_balls_into_vase,X-VLA,6,1,0.8333333333333334,0.6666666666666666,0.5,0.9699,0.36472726631149766,0.19918923809523809,0.1125,0.9374599748357737,0.4792,0.6168007171374764
RoboDojo-Sim,pour_balls_into_vase,Fast-WAM,6,0.8333333333333334,0.8333333333333334,0.3333333333333333,0.3333333333333333,0.6394,0.24062744182239945,0.17717732247815726,0.16999999999999998,1,0.4876142857142857,0.6884280159336302
RoboDojo-Sim,pour_balls_into_vase,Pi-0,6,0.6666666666666666,0.5,0.3333333333333333,0.3333333333333333,0.4454,0.21411943260294145,0.12735958443176387,0.42000000000000004,0.6377329853010388,0.12375,0.7473125869541455
RoboDojo-Sim,pour_balls_into_vase,StarVLA,6,0.6666666666666666,0.6666666666666666,0.3333333333333333,0.3333333333333333,0.6398071428571428,0.2585524390419937,0.15780453841418118,0.20333333333333337,1,0.29800357142857137,0.6978590376105289
RoboDojo-Sim,pour_balls_into_vase,AHA-WAM,6,0.5,0.5,0.3333333333333333,0.16666666666666666,0.4056999999999999,0.18046957819385612,0.23091584321005998,0.25,0.5669934764821194,0.1231,0.563079683164821
RoboDojo-Sim,pour_balls_into_vase,InternVLA-A1,6,0.5,0.5,0.3333333333333333,0.16666666666666666,0.45418571428571425,0.21137778325755996,0.15923559471355003,0.19,0.6589019184118812,0.1149,0.7678890149970007
RoboDojo-Sim,pour_balls_into_vase,LDA-1B,6,0.16666666666666666,0.16666666666666666,0.16666666666666666,0.16666666666666666,0.17815,0.07785820425754866,0.39591893805621525,0.44999999999999996,0.15605619187956324,0.08764999999999999,0.5484856902551506
RoboDojo-Sim,pour_balls_into_vase,Spirit v1.5,6,0.6666666666666666,0.3333333333333333,0.3333333333333333,0.16666666666666666,0.31794999999999995,0.11768025943550164,0.2195741008491525,0.3,0.8744325034826721,0.1485,0.6948521129667347
RoboDojo-Sim,pour_balls_into_vase,X-WAM,6,0.8333333333333334,0.8333333333333334,0.6666666666666666,0.16666666666666666,0.8056749999999998,0.34167618730731736,0.19617206869361342,0.28,0.1842611627766183,0.9007249999999998,0.6535580925256473
RoboDojo-Sim,pour_balls_into_vase,Xiaomi-Robotics-0,6,1,1,0.3333333333333333,0.16666666666666666,0.5756714285714285,0.22623413156039368,0.2132002705417158,0.14,0.5068042298768339,0.4856,0.6263657195156598
RoboDojo-Sim,pour_balls_into_vase,GigaWorld-Policy-0,6,1,1,0.3333333333333333,0,0.6258999999999999,0.368015615610101,0.09870073753361958,0.27,0.303255240978586,0.51295,0
RoboDojo-Sim,pour_balls_into_vase,GROOT-N1.7,6,1,1,0.3333333333333333,0,0.5732999999999999,0.21861008279931138,0.35221356092522565,0.12,0.48224724928716406,0.48665,0
RoboDojo-Sim,pour_by_language,AHA-WAM,6,0,0,0,0,0.09602142857142856,0.01745178242440587,0.3307630203971733,0.3880597014925373,0.929927546161617,0.04801071428571428,0
RoboDojo-Sim,pour_by_language,Fast-WAM,6,0,0,0,0,0.07579999999999999,0.02369443097107371,0.14173919959628464,0.7761194029850746,0.9233782828755364,0.03789999999999999,0
RoboDojo-Sim,pour_by_language,GalaxeaVLA (G0),6,0,0,0,0,0.10020634920634919,0.030371429514453173,0.16600434428483765,0.7014925373134329,0.8327355746992591,0.0501031746031746,0
RoboDojo-Sim,pour_by_language,GigaWorld-Policy-0,6,0.16666666666666666,0,0,0,0.09334999999999999,0.020672136063105903,0.23990004478913168,0.5,0.9490432351824885,0.046674999999999994,0
RoboDojo-Sim,pour_by_language,GROOT-N1.7,6,0,0,0,0,0.12407142857142855,0.03706021397849772,0.1274212639700807,0.5,0.5969738500370193,0.062035714285714284,0
RoboDojo-Sim,pour_by_language,Hy-Embodied-0.5-VLA,6,0.6666666666666666,0.16666666666666666,0,0,0.264,0.06223723582924301,0.2100117177047274,0.417910447761194,0.5156591483302491,0.132,0
RoboDojo-Sim,pour_by_language,InternVLA-A1,6,0.16666666666666666,0,0,0,0.12557142857142856,0.02812607292201865,0.2745754743558083,0.4029850746268657,0.3819423262588336,0.06278571428571428,0
RoboDojo-Sim,pour_by_language,LDA-1B,6,0,0,0,0,0.060149999999999995,0.01161612954929785,0.2190630401736468,0.6044776119402986,0.9427583663148291,0.030074999999999998,0
RoboDojo-Sim,pour_by_language,Pi-0,6,0,0,0,0,0.09964999999999999,0.024957163271382983,0.21359239907214325,0.4701492537313433,0.6953941338654499,0.049824999999999994,0
RoboDojo-Sim,pour_by_language,Pi-05,6,0.6666666666666666,0,0,0,0.3195,0.0902893820632612,0.10261397176877624,0.3656716417910447,1,0.15975,0
RoboDojo-Sim,pour_by_language,Spatial Forcing,6,0.6666666666666666,0,0,0,0.27625,0.06535404503560463,0.2544753685643066,0.3805970149253731,0.4503550609364191,0.138125,0
RoboDojo-Sim,pour_by_language,Spirit v1.5,6,0,0,0,0,0.05559999999999999,0.012317682749863026,0.2754462125540683,0.7611940298507462,0.46554278510173663,0.027799999999999995,0
RoboDojo-Sim,pour_by_language,StarVLA,6,0,0,0,0,0.09015,0.016301833673623794,0.22405534169130245,0.6567164179104478,0.15696914742463677,0.045075,0
RoboDojo-Sim,pour_by_language,X-VLA,6,0.16666666666666666,0,0,0,0.10294999999999999,0.025206346923333674,0.2508489718017205,0.5,0.7314105080473543,0.05147499999999999,0
RoboDojo-Sim,pour_by_language,X-WAM,6,0,0,0,0,0.06889999999999999,0.019796920668015996,0.2584043576990372,0.6567164179104478,0.1871353211721907,0.034449999999999995,0
RoboDojo-Sim,pour_by_language,Xiaomi-Robotics-0,6,0,0,0,0,0.0937,0.024724029956641774,0.2109937887613863,0.6119402985074627,0.6306451851810218,0.04684999999999999,0
RoboDojo-Sim,pour_liquid_into_cup,Pi-0,12,0.5833333333333334,0.5,0.3333333333333333,0.3333333333333333,0.4332999999999999,0.22762128276822047,0.09891019180257773,0.3088235294117647,0.4285728571392856,0.08857499999999999,0.7736157577188819
RoboDojo-Sim,pour_liquid_into_cup,Spatial Forcing,12,0.5833333333333334,0.5,0.5,0.3333333333333333,0.6127142857142855,0.3182706290566664,0.06564997665732958,0.3784829721362229,0.5723971795148614,0.0633,0.7487596549739854
RoboDojo-Sim,pour_liquid_into_cup,Hy-Embodied-0.5-VLA,12,0.5833333333333334,0.5833333333333334,0.5,0.25,0.6913714285714285,0.3739454574225025,0.09975982727610619,0.2867647058823529,0.6814883314023159,0.09834999999999998,0.659187665614973
RoboDojo-Sim,pour_liquid_into_cup,Pi-05,12,0.6666666666666666,0.5,0.3333333333333333,0.25,0.47119285714285714,0.21410563433837188,0.04231330726610524,0.4558823529411764,0.9374842757705824,0.1561,0.8189447646041995
RoboDojo-Sim,pour_liquid_into_cup,X-WAM,12,0.9166666666666666,0.5,0.25,0.25,0.48789999999999994,0.2705014756125001,0.059563765346746844,0.2941176470588235,0.6536309953029386,0.18325,0.8614009230093035
RoboDojo-Sim,pour_liquid_into_cup,GalaxeaVLA (G0),12,0.5,0.5,0.3333333333333333,0.16666666666666666,0.3575,0.261793870144878,0.05114368367394445,0.36764705882352944,0.8156229368287146,0.066425,0.7853644527839544
RoboDojo-Sim,pour_liquid_into_cup,StarVLA,12,0.5833333333333334,0.4166666666666667,0.4166666666666667,0.16666666666666666,0.2664999999999999,0.1051258874653141,0.06852798890208073,0.3529411764705882,0.9959827195134765,0.09079999999999999,0.8840326747719387
RoboDojo-Sim,pour_liquid_into_cup,X-VLA,12,0.75,0.5833333333333334,0.4166666666666667,0.16666666666666666,0.5726,0.3635603076542761,0.020766493718021,0.3382352941176471,1,0.31615000000000004,0.861447948596609
RoboDojo-Sim,pour_liquid_into_cup,GROOT-N1.7,12,0.5,0.5,0.25,0.08333333333333333,0.3374499999999999,0.15160214169736963,0.10338215001441367,0.3431372549019608,0.8221443424573234,0.08535,0.8398679548084655
RoboDojo-Sim,pour_liquid_into_cup,Xiaomi-Robotics-0,12,0.5,0.5,0.3333333333333333,0.08333333333333333,0.34459999999999996,0.18102226410994238,0.03844368467618006,0.38235294117647056,0.8792328873001296,0.0838,0.6220163960295064
RoboDojo-Sim,pour_liquid_into_cup,AHA-WAM,12,0,0,0,0,0.12025,0.07168112377082964,0.050766918641465014,0.6029411764705883,0.22369335023085835,0.060125,0
RoboDojo-Sim,pour_liquid_into_cup,Fast-WAM,12,0.08333333333333333,0,0,0,0.10844999999999999,0.07255606809880168,0.05658450880352139,0.6911764705882353,0.01039508378358748,0.054224999999999995,0
RoboDojo-Sim,pour_liquid_into_cup,GigaWorld-Policy-0,12,0.5,0.5,0.4166666666666667,0,0.4417444444444445,0.3094724164084598,0.03677814293481074,0.39705882352941174,0.5757554356045518,0.3208722222222222,0
RoboDojo-Sim,pour_liquid_into_cup,InternVLA-A1,12,0.5,0.25,0.08333333333333333,0,0.25311428571428574,0.1492969788771564,0.12822050737368387,0.3970588235294118,0.4829754836128488,0.12655714285714287,0
RoboDojo-Sim,pour_liquid_into_cup,LDA-1B,12,0.08333333333333333,0,0,0,0.12040000000000001,0.08295097538724591,0.09294145179293434,0.4411764705882353,0.2320394098937502,0.060200000000000004,0
RoboDojo-Sim,pour_liquid_into_cup,Spirit v1.5,12,0.16666666666666666,0.16666666666666666,0,0,0.11455,0.04922236419538679,0.1494818047021198,0.4852941176470588,0.7165929222561989,0.05727499999999999,0
RoboDojo-Sim,push_T,GROOT-N1.7,12,0.5,0.25,0.16666666666666666,0.08333333333333333,0.2974428571428571,0.1480936315826983,0.05546059690338097,0.42000000000000004,0.8020104230963103,0.1073,0.6289315856357091
RoboDojo-Sim,push_T,Hy-Embodied-0.5-VLA,12,0.5,0.4166666666666667,0.25,0.08333333333333333,0.25088571428571427,0.14000062776304126,0.1187760354427694,0.3421739130434782,0.5815201345297225,0.1142857142857143,0.5863272395082807
RoboDojo-Sim,push_T,Spatial Forcing,12,0.5,0.4166666666666667,0.4166666666666667,0.08333333333333333,0.3095714285714285,0.17346487119437942,0.09644871316068727,0.22333333333333336,0.9454826268853476,0.1045714285714286,0.5596182292414875
RoboDojo-Sim,push_T,AHA-WAM,12,0.5,0.08333333333333333,0,0,0.23299999999999993,0.11061980886728034,0.10372304361893,0.30000000000000004,0.8677945073550245,0.11649999999999999,0
RoboDojo-Sim,push_T,Fast-WAM,12,0.16666666666666666,0.08333333333333333,0,0,0.19114285714285717,0.12384487004028372,0.04142047619047619,0.67,0.8852026669562312,0.09557142857142858,0
RoboDojo-Sim,push_T,GalaxeaVLA (G0),12,0.4166666666666667,0.16666666666666666,0.08333333333333333,0,0.22568571428571424,0.1455088455341678,0.09960694311646193,0.2,0.4672611176181661,0.11284285714285715,0
RoboDojo-Sim,push_T,GigaWorld-Policy-0,12,0.4166666666666667,0.08333333333333333,0,0,0.19874999999999998,0.13288848620115007,0.05518824671742252,0.38,0.5684798823919479,0.09937499999999999,0
RoboDojo-Sim,push_T,InternVLA-A1,12,0.16666666666666666,0.08333333333333333,0,0,0.21300000000000002,0.1172631763579953,0.11358603804248404,0.28285714285714286,1,0.10650000000000001,0
RoboDojo-Sim,push_T,LDA-1B,12,0.5,0,0,0,0.23909999999999998,0.09656157077052582,0.13106716325020562,0.37,0.5744629512202309,0.11954999999999999,0
RoboDojo-Sim,push_T,Pi-0,12,0.25,0,0,0,0.2008,0.09295490664643932,0.02140150038395654,0.45,0.5378718322045378,0.1004,0
RoboDojo-Sim,push_T,Pi-05,12,0.5,0.25,0,0,0.24569999999999997,0.1283935055175193,0.09597380952380954,0.265,0.7851480755720599,0.12284999999999999,0
RoboDojo-Sim,push_T,Spirit v1.5,12,0.25,0,0,0,0.2069499999999999,0.07801227451889448,0.15681008990383055,0.28,0.7125337582337069,0.103475,0
RoboDojo-Sim,push_T,StarVLA,12,0.4166666666666667,0.08333333333333333,0.08333333333333333,0,0.20384999999999998,0.1376152801983374,0.05858620998787112,0.3718181818181818,0.7401028614309526,0.101925,0
RoboDojo-Sim,push_T,X-VLA,12,0.4166666666666667,0.25,0.08333333333333333,0,0.2382,0.13094012925213638,0.07769436018862906,0.4175,0.2105886957624271,0.1191,0
RoboDojo-Sim,push_T,X-WAM,12,0.3333333333333333,0,0,0,0.2372714285714285,0.1155814614897962,0.07353397123872268,0.3,0.8384968047372213,0.1186357142857143,0
RoboDojo-Sim,push_T,Xiaomi-Robotics-0,12,0.4166666666666667,0.25,0,0,0.19865,0.12205598540922236,0.06516131964784588,0.59,0.9250701600006488,0.099325,0
RoboDojo-Sim,put_bottles_into_dustbin,GalaxeaVLA (G0),6,1,0.6666666666666666,0.6666666666666666,0.5,0.9982857142857142,0.5313889721767333,0.05481406766668301,0.1440677966101695,1,0.2005,0.7451300148863321
RoboDojo-Sim,put_bottles_into_dustbin,X-VLA,6,1,0.8333333333333334,0.8333333333333334,0.5,0.9910714285714286,0.6013788072844203,0.03744577922077924,0.07142857142857142,1,0.9908999999999999,0.8976628522110801
RoboDojo-Sim,put_bottles_into_dustbin,GigaWorld-Policy-0,6,1,1,0.6666666666666666,0.3333333333333333,0.8870142857142858,0.3977023557666022,0.046481019001605645,0.11016949152542374,1,0.7162499999999999,0.7920887224686521
RoboDojo-Sim,put_bottles_into_dustbin,Hy-Embodied-0.5-VLA,6,1,1,1,0.3333333333333333,0.9965714285714284,0.8178052230547374,0.007478949909186493,0.12698412698412695,1,0.9982142857142856,0.8387549885950445
RoboDojo-Sim,put_bottles_into_dustbin,Pi-05,6,1,1,0.8333333333333334,0.3333333333333333,0.8607142857142858,0.6098778557798408,0.021595864678691193,0.1992809450436569,1,0.875,0.8706338212216358
RoboDojo-Sim,put_bottles_into_dustbin,Spatial Forcing,6,1,1,0.8333333333333334,0.3333333333333333,0.9814285714285714,0.6624045320697545,0.017672134347368668,0.09879227053140094,1,0.9862500000000001,0.8557669855216075
RoboDojo-Sim,put_bottles_into_dustbin,StarVLA,6,1,0.8333333333333334,0.6666666666666666,0.3333333333333333,0.8731428571428571,0.5051417870178148,0.0238186518885872,0.11252354048964218,1,0.66525,0.8297412836322122
RoboDojo-Sim,put_bottles_into_dustbin,X-WAM,6,1,1,0.8333333333333334,0.3333333333333333,0.8763857142857142,0.5524166190504189,0.027139355284765635,0.12711864406779666,1,0.8859999999999999,0.9111441342807207
RoboDojo-Sim,put_bottles_into_dustbin,Fast-WAM,6,1,0.8333333333333334,0.8333333333333334,0.16666666666666666,0.8548642857142856,0.4505398463924539,0.04620585944406286,0.13308936825885975,1,0.9077142857142857,0.7558424370826913
RoboDojo-Sim,put_bottles_into_dustbin,AHA-WAM,6,1,0.8333333333333334,0.6666666666666666,0,0.8268499999999998,0.43801135851052186,0.052731559007919954,0.1186440677966102,1,0.9134249999999998,0
RoboDojo-Sim,put_bottles_into_dustbin,GROOT-N1.7,6,1,0.8333333333333334,0.16666666666666666,0,0.5817499999999999,0.24414505483103227,0.10181138711669471,0.1864406779661017,0.8254451499503179,0.49087499999999995,0
RoboDojo-Sim,put_bottles_into_dustbin,InternVLA-A1,6,1,0.5,0.3333333333333333,0,0.54175,0.2247060385629456,0.12326018755012194,0.2627118644067796,0.8792190510041759,0.37087499999999995,0
RoboDojo-Sim,put_bottles_into_dustbin,LDA-1B,6,0.8333333333333334,0.3333333333333333,0,0,0.2972499999999999,0.08690331720052598,0.1919489471300705,0.24576271186440674,1,0.148625,0
RoboDojo-Sim,put_bottles_into_dustbin,Pi-0,6,1,1,0.3333333333333333,0,0.62915,0.30683709242628077,0.059797717522878144,0.2033898305084746,0.7952252360312819,0.514575,0
RoboDojo-Sim,put_bottles_into_dustbin,Spirit v1.5,6,0,0,0,0,0.1364,0.026888968874988907,0.2562169139687678,0.364406779661017,0.9120391271776525,0.06819999999999998,0
RoboDojo-Sim,put_bottles_into_dustbin,Xiaomi-Robotics-0,6,0.8333333333333334,0.6666666666666666,0.3333333333333333,0,0.62635,0.22642760036820345,0.09381798836099785,0.1440677966101695,1,0.5131749999999999,0
RoboDojo-Sim,solve_equation,AHA-WAM,6,0,0,0,0,0.1071,0.0597806087711181,0.06356553725824951,0.48,1,0.05354999999999999,0
RoboDojo-Sim,solve_equation,Fast-WAM,6,0,0,0,0,0.10445,0.06767717870950016,0.06129375456208591,0.5,0.1883014208135543,0.052224999999999994,0
RoboDojo-Sim,solve_equation,GalaxeaVLA (G0),6,0.16666666666666666,0.16666666666666666,0,0,0.16785714285714284,0.07107674497170474,0.057667325989547547,0.2,1,0.08392857142857142,0
RoboDojo-Sim,solve_equation,GigaWorld-Policy-0,6,0,0,0,0,0.1144,0.06078313946697299,0.07672151419242337,0.46,0.5624067442541184,0.05719999999999999,0
RoboDojo-Sim,solve_equation,GROOT-N1.7,6,0,0,0,0,0.1481,0.0747725476277614,0.07771405127203695,0.4,0.9228453427330904,0.07404999999999999,0
RoboDojo-Sim,solve_equation,Hy-Embodied-0.5-VLA,6,0,0,0,0,0.04621428571428571,0.03360290514042096,0.048239588275039325,0.84,0.8619113375553544,0.023107142857142854,0
RoboDojo-Sim,solve_equation,InternVLA-A1,6,0,0,0,0,0.1106,0.05139378981903958,0.1006203452002913,0.32,0.00007712204949254964,0.055299999999999995,0
RoboDojo-Sim,solve_equation,LDA-1B,6,0,0,0,0,0.09004999999999999,0.03417965032444124,0.2150248263988645,0.5,0.879855826992391,0.045024999999999996,0
RoboDojo-Sim,solve_equation,Pi-0,6,0,0,0,0,0.12385,0.06747055696045348,0.11395164280377681,0.44,0.02899938864055946,0.06192499999999998,0
RoboDojo-Sim,solve_equation,Pi-05,6,0.3333333333333333,0,0,0,0.1285785714285714,0.06334340737552602,0.13450944473885657,0.36,0.002077679527939916,0.06428928571428572,0
RoboDojo-Sim,solve_equation,Spatial Forcing,6,0.16666666666666666,0,0,0,0.17220000000000002,0.11714425014783815,0.02157057639048944,0.5,0.8811504635131904,0.0861,0
RoboDojo-Sim,solve_equation,Spirit v1.5,6,0,0,0,0,0.11465,0.05060769433052926,0.09309858410061457,0.38,0.832441701113553,0.057325,0
RoboDojo-Sim,solve_equation,StarVLA,6,0,0,0,0,0.1106,0.06016247462919595,0.035947664068350996,0.44,1,0.055299999999999995,0
RoboDojo-Sim,solve_equation,X-VLA,6,0,0,0,0,0.12210000000000001,0.05057944082163447,0.1534081377558793,0.32,0.7345935857262719,0.06104999999999999,0
RoboDojo-Sim,solve_equation,X-WAM,6,0,0,0,0,0.1432,0.09032196124826586,0.04110390779204421,0.52,0.6322640407429869,0.0716,0
RoboDojo-Sim,solve_equation,Xiaomi-Robotics-0,6,0,0,0,0,0.09409999999999999,0.05045278639240847,0.02970227473675751,0.5800000000000001,0.13769779889392572,0.047049999999999995,0
RoboDojo-Sim,sort_nesting_dolls_by_size,Spatial Forcing,12,0.5,0.3333333333333333,0.16666666666666666,0.08333333333333333,0.234325,0.04042389532679005,0.17092574473559005,0.38068181818181823,0.967276303118294,0.07329999999999999,0.6840077405090597
RoboDojo-Sim,sort_nesting_dolls_by_size,AHA-WAM,12,0.16666666666666666,0.08333333333333333,0.08333333333333333,0,0.098,0.02463952387383754,0.1901362501308978,0.5170454545454546,0.8589085401241712,0.049,0
RoboDojo-Sim,sort_nesting_dolls_by_size,Fast-WAM,12,0.3333333333333333,0,0,0,0.12215000000000001,0.03214896968493762,0.22553655634775216,0.6647727272727273,0.3581774456425626,0.06107499999999999,0
RoboDojo-Sim,sort_nesting_dolls_by_size,GalaxeaVLA (G0),12,0.16666666666666666,0.08333333333333333,0.08333333333333333,0,0.10255,0.028742392601431976,0.2026606348545343,0.7215909090909091,0.4457328004473609,0.051275,0
RoboDojo-Sim,sort_nesting_dolls_by_size,GigaWorld-Policy-0,12,0.4166666666666667,0.16666666666666666,0,0,0.14434999999999995,0.03665110887632297,0.16123935527684916,0.4659090909090909,0.4385235596128529,0.07217499999999999,0
RoboDojo-Sim,sort_nesting_dolls_by_size,GROOT-N1.7,12,0.08333333333333333,0,0,0,0.1251,0.030286340593891736,0.2749718194909863,0.5795454545454546,0.3736576325936996,0.06255,0
RoboDojo-Sim,sort_nesting_dolls_by_size,Hy-Embodied-0.5-VLA,12,0.4166666666666667,0.25,0.25,0,0.15999999999999998,0.041249234516882144,0.07125052823282946,0.46022727272727276,1,0.07999999999999999,0
RoboDojo-Sim,sort_nesting_dolls_by_size,InternVLA-A1,12,0.25,0,0,0,0.09865714285714286,0.022810931929989738,0.3123253708969074,0.5965909090909091,0.7076148605109474,0.04932857142857143,0
RoboDojo-Sim,sort_nesting_dolls_by_size,LDA-1B,12,0.25,0,0,0,0.16385,0.03060647200844762,0.2569568880767158,0.3125,0.43618898520024796,0.081925,0
RoboDojo-Sim,sort_nesting_dolls_by_size,Pi-0,12,0.25,0.08333333333333333,0.08333333333333333,0,0.0992,0.02031440328325269,0.23321689839746435,0.5397727272727273,0.9183845703877963,0.04959999999999999,0
RoboDojo-Sim,sort_nesting_dolls_by_size,Pi-05,12,0.6666666666666666,0.4166666666666667,0.16666666666666666,0,0.3913214285714286,0.10843901066721931,0.11278729612861195,0.4261363636363636,0.7217758204511485,0.19566071428571424,0
RoboDojo-Sim,sort_nesting_dolls_by_size,Spirit v1.5,12,0.16666666666666666,0,0,0,0.1377,0.02920931869857603,0.17074239303091784,0.46590909090909094,0.6296204340422784,0.06885,0
RoboDojo-Sim,sort_nesting_dolls_by_size,StarVLA,12,0.3333333333333333,0.25,0.08333333333333333,0,0.11225,0.03443356021224604,0.19534272146824885,0.6022727272727273,0.5553319038900952,0.05612499999999999,0
RoboDojo-Sim,sort_nesting_dolls_by_size,X-VLA,12,0.4166666666666667,0.3333333333333333,0.16666666666666666,0,0.16904999999999995,0.04856902802575362,0.1642833568497919,0.3295454545454546,0.8789464340837871,0.08452499999999999,0
RoboDojo-Sim,sort_nesting_dolls_by_size,X-WAM,12,0.5833333333333334,0.4166666666666667,0.25,0,0.28471428571428564,0.06914757996800566,0.11526949144248645,0.4147727272727273,0.5599264693023545,0.14235714285714285,0
RoboDojo-Sim,sort_nesting_dolls_by_size,Xiaomi-Robotics-0,12,0.3333333333333333,0.16666666666666666,0.08333333333333333,0,0.20839999999999995,0.04337690602221056,0.1889827308224587,0.3295454545454546,0.6924445137537663,0.10419999999999999,0
RoboDojo-Sim,stack_blocks,AHA-WAM,12,0.5,0.5,0.16666666666666666,0.16666666666666666,0.39682857142857136,0.15197865538211167,0.144793302290074,0.1847826086956522,0.6176452208754306,0.09659999999999999,0.7384878861374818
RoboDojo-Sim,stack_blocks,Hy-Embodied-0.5-VLA,12,0.5,0.5,0.25,0.08333333333333333,0.3193,0.160105938767406,0.19233273223432826,0.4565217391304348,0.3720251462476021,0.06299999999999999,0.5861517969027239
RoboDojo-Sim,stack_blocks,Fast-WAM,12,0.4166666666666667,0.25,0.08333333333333333,0,0.20252857142857145,0.08763477217709328,0.16546614773315985,0.1847826086956522,0.9505599829489271,0.10126428571428572,0
RoboDojo-Sim,stack_blocks,GalaxeaVLA (G0),12,0.3333333333333333,0.25,0.16666666666666666,0,0.1816142857142857,0.06243715742443058,0.18529622872976145,0.3695652173913043,0.7205629951053913,0.09080714285714286,0
RoboDojo-Sim,stack_blocks,GigaWorld-Policy-0,12,0.5,0.5,0.25,0,0.4254999999999999,0.09635602214906111,0.22303679801129225,0.3369565217391305,0.2968214261547026,0.31275,0
RoboDojo-Sim,stack_blocks,GROOT-N1.7,12,0.4166666666666667,0.16666666666666666,0.16666666666666666,0,0.21077777777777776,0.055735961573547196,0.1825869463336673,0.3043478260869565,1,0.10538888888888889,0
RoboDojo-Sim,stack_blocks,InternVLA-A1,12,0.5,0.16666666666666666,0,0,0.2850499999999999,0.06771437908560535,0.17747955646374575,0.15217391304347824,0.599315850623501,0.14252499999999996,0
RoboDojo-Sim,stack_blocks,LDA-1B,12,0.5,0.16666666666666666,0,0,0.25234999999999996,0.056734302039792184,0.12802191454196094,0.18478260869565222,0.8952850351598014,0.12617499999999998,0
RoboDojo-Sim,stack_blocks,Pi-0,12,0.5,0.25,0.08333333333333333,0,0.27474999999999994,0.07170799124449269,0.1521149835992639,0.1630434782608696,0.7230755711566346,0.137375,0
RoboDojo-Sim,stack_blocks,Pi-05,12,0.5833333333333334,0.25,0.25,0,0.35039999999999993,0.12511498791531903,0.1034939835953903,0.1847826086956522,0.8356859803763284,0.17520000000000002,0
RoboDojo-Sim,stack_blocks,Spatial Forcing,12,0.5,0.4166666666666667,0.3333333333333333,0,0.35235,0.10870430982651932,0.11702534968738096,0.16304347826086954,0.7516586402276388,0.176175,0
RoboDojo-Sim,stack_blocks,Spirit v1.5,12,0.16666666666666666,0.08333333333333333,0,0,0.12290000000000001,0.03337954503776006,0.21694215182095578,0.4782608695652174,0.683902197613315,0.06144999999999999,0
RoboDojo-Sim,stack_blocks,StarVLA,12,0.4166666666666667,0.16666666666666666,0,0,0.17404444444444445,0.09015365306458652,0.0936059442585888,0.4456521739130435,0.8850499491278592,0.08702222222222222,0
RoboDojo-Sim,stack_blocks,X-VLA,12,0.5833333333333334,0.4166666666666667,0.25,0,0.3253999999999999,0.14447313230186154,0.11265720086591755,0.2391304347826087,0.4396797452826976,0.1627,0
RoboDojo-Sim,stack_blocks,X-WAM,12,0.5833333333333334,0.25,0.16666666666666666,0,0.37954999999999994,0.12951751414959434,0.20661086581000915,0.1739130434782609,0.4174693944818614,0.189775,0
RoboDojo-Sim,stack_blocks,Xiaomi-Robotics-0,12,0.5833333333333334,0.4166666666666667,0.16666666666666666,0,0.30019999999999997,0.1245833547049075,0.1682148034931562,0.1847826086956522,0.9092361170904577,0.1501,0
RoboDojo-Sim,stack_blocks_by_language,AHA-WAM,6,0.3333333333333333,0.16666666666666666,0.16666666666666666,0.16666666666666666,0.20827142857142855,0.07470123806808397,0.1196173208529385,0.16176470588235295,1,0.0892,0.8414686620271266
RoboDojo-Sim,stack_blocks_by_language,Fast-WAM,6,0,0,0,0,0.14505,0.07790957399827105,0.1263469798415947,0.4117647058823529,0.8566852675462039,0.07252499999999998,0
RoboDojo-Sim,stack_blocks_by_language,GalaxeaVLA (G0),6,0,0,0,0,0.15767142857142857,0.0602606557413153,0.113147497574864,0.2647058823529412,0.9082841634542964,0.07883571428571429,0
RoboDojo-Sim,stack_blocks_by_language,GigaWorld-Policy-0,6,0,0,0,0,0.16949999999999998,0.07589454078053227,0.09907370375854584,0.3970588235294118,0.639754852285551,0.08474999999999999,0
RoboDojo-Sim,stack_blocks_by_language,GROOT-N1.7,6,0.16666666666666666,0,0,0,0.13162857142857146,0.06803481723187753,0.10623365084174115,0.5882352941176471,0.4843783720331463,0.06581428571428571,0
RoboDojo-Sim,stack_blocks_by_language,Hy-Embodied-0.5-VLA,6,0.5,0.3333333333333333,0,0,0.2198,0.11835570335634671,0.12499159996519252,0.2794117647058824,0.00001729034276674872,0.1099,0
RoboDojo-Sim,stack_blocks_by_language,InternVLA-A1,6,0,0,0,0,0.12630000000000002,0.046973987136276145,0.1556878176305257,0.3970588235294118,0.6897551941949377,0.06315,0
RoboDojo-Sim,stack_blocks_by_language,LDA-1B,6,0,0,0,0,0.1444,0.04276774733690653,0.22197950041220493,0.27941176470588236,0.9684320933595382,0.07219999999999999,0
RoboDojo-Sim,stack_blocks_by_language,Pi-0,6,0,0,0,0,0.15902142857142854,0.05900754747916278,0.16248162634743007,0.27941176470588236,1,0.07951071428571427,0
RoboDojo-Sim,stack_blocks_by_language,Pi-05,6,1,0.6666666666666666,0.16666666666666666,0,0.57935,0.2939744367727918,0.08710255988414219,0.08823529411764706,0.3737044249273343,0.48967499999999997,0
RoboDojo-Sim,stack_blocks_by_language,Spatial Forcing,6,0.5,0.3333333333333333,0.16666666666666666,0,0.34234999999999993,0.1493141140692364,0.13122594607223104,0.11764705882352941,0.7867272614342736,0.171175,0
RoboDojo-Sim,stack_blocks_by_language,Spirit v1.5,6,0.16666666666666666,0,0,0,0.12232499999999999,0.03810868465992302,0.1741992530131256,0.27941176470588236,0.6127171077587679,0.061162499999999995,0
RoboDojo-Sim,stack_blocks_by_language,StarVLA,6,0.8333333333333334,0.3333333333333333,0,0,0.38542499999999996,0.2093681598462671,0.1233266209572399,0.19117647058823528,0.990131687152553,0.1927125,0
RoboDojo-Sim,stack_blocks_by_language,X-VLA,6,0,0,0,0,0.15639999999999998,0.05607866412140877,0.16236506579796056,0.2352941176470588,0.7056805198839797,0.07819999999999999,0
RoboDojo-Sim,stack_blocks_by_language,X-WAM,6,0.6666666666666666,0.3333333333333333,0.16666666666666666,0,0.30899999999999994,0.1457561984475785,0.12708531985828744,0.19117647058823528,0.7837179383596125,0.1545,0
RoboDojo-Sim,stack_blocks_by_language,Xiaomi-Robotics-0,6,0.3333333333333333,0,0,0,0.13219999999999998,0.06914108696380003,0.0769780925856713,0.47058823529411764,0.6549238469689924,0.06609999999999999,0
RoboDojo-Sim,stack_bowls,Pi-0,12,0.5833333333333334,0.4166666666666667,0.3333333333333333,0.08333333333333333,0.29999999999999993,0.10795138847623231,0.048087524471035564,0.4029850746268657,1,0.1365,0.8308571565406319
RoboDojo-Sim,stack_bowls,X-WAM,12,0.6666666666666666,0.5,0.25,0.08333333333333333,0.5055999999999999,0.23142689399196487,0.12062386228020132,0.35074626865671643,0.8878692143506604,0.239,0.8836761315840248
RoboDojo-Sim,stack_bowls,AHA-WAM,12,0.6666666666666666,0.3333333333333333,0.3333333333333333,0,0.3330285714285714,0.08341884078892006,0.19225327713872245,0.3118888317035512,0.5083191360611911,0.1665142857142857,0
RoboDojo-Sim,stack_bowls,Fast-WAM,12,0.25,0.16666666666666666,0.08333333333333333,0,0.1331,0.056500458809382065,0.16748399623578514,0.4402985074626866,0.74633891448037,0.06655,0
RoboDojo-Sim,stack_bowls,GalaxeaVLA (G0),10,0.6,0.4,0.2,0,0.28290714285714286,0.15073378470027057,0.08908868988761404,0.49253731343283585,1,0.1414535714285714,0
RoboDojo-Sim,stack_bowls,GigaWorld-Policy-0,12,0.5,0.5,0.4166666666666667,0,0.4061,0.16555674293332273,0.1135385391974012,0.4029850746268656,0.7320053598928025,0.30305000000000004,0
RoboDojo-Sim,stack_bowls,GROOT-N1.7,12,0.4166666666666667,0.3333333333333333,0.16666666666666666,0,0.1308,0.048424543506086826,0.23319343578977056,0.4701492537313433,0.7941287181748493,0.06539999999999999,0
RoboDojo-Sim,stack_bowls,Hy-Embodied-0.5-VLA,12,0.5,0.5,0.4166666666666667,0,0.42449999999999993,0.19531507519070118,0.10638405919079047,0.3134328358208955,1,0.31225,0
RoboDojo-Sim,stack_bowls,InternVLA-A1,12,0.3333333333333333,0.3333333333333333,0.3333333333333333,0,0.15104285714285715,0.05494813964920467,0.11626743233291835,0.4701492537313433,0.826089981043808,0.07552142857142857,0
RoboDojo-Sim,stack_bowls,LDA-1B,12,0.25,0.08333333333333333,0,0,0.1333,0.05289837398373982,0.1047384648725086,0.6194029850746268,0.8938865823796429,0.06664999999999999,0
RoboDojo-Sim,stack_bowls,Pi-05,12,0.8333333333333334,0.6666666666666666,0.6666666666666666,0,0.83805,0.4542573874917627,0.07249552717909277,0.2164179104477612,0.8691133739954451,0.9190249999999999,0
RoboDojo-Sim,stack_bowls,Spatial Forcing,12,0.9166666666666666,0.5,0.25,0,0.5298999999999999,0.19453642196634685,0.12142531374400126,0.22388059701492535,0.7004341563937968,0.36495,0
RoboDojo-Sim,stack_bowls,Spirit v1.5,12,0.5,0.25,0.08333333333333333,0,0.21705555555555556,0.07157227955495646,0.13140765470891155,0.4626865671641791,1,0.10852777777777778,0
RoboDojo-Sim,stack_bowls,StarVLA,12,0.4166666666666667,0.25,0.16666666666666666,0,0.1279,0.06847558204544546,0.09882123881590871,0.5447761194029851,0.7494886547693005,0.06394999999999999,0
RoboDojo-Sim,stack_bowls,X-VLA,12,0.5,0.4166666666666667,0.25,0,0.24039999999999995,0.06346751378465187,0.09540367716988485,0.29850746268656714,1,0.1202,0
RoboDojo-Sim,stack_bowls,Xiaomi-Robotics-0,12,0.5833333333333334,0.3333333333333333,0.3333333333333333,0,0.30469999999999997,0.10591148623530275,0.12303887343263765,0.3656716417910448,0.9500009999800006,0.15234999999999999,0
RoboDojo-Sim,store_laptop_and_headphones,Hy-Embodied-0.5-VLA,12,0.8333333333333334,0.6666666666666666,0.4166666666666667,0.16666666666666666,0.6239999999999999,0.36178418158179304,0.06936653824762509,0.34328358208955223,0.6481648633738908,0.4589,0.8054924972061764
RoboDojo-Sim,store_laptop_and_headphones,Pi-05,12,0.9166666666666666,0.6666666666666666,0.5833333333333334,0.16666666666666666,0.8068999999999998,0.4196413544332426,0.062283828098133556,0.20704171450440106,1,0.683425,0.7491795869211542
RoboDojo-Sim,store_laptop_and_headphones,Spatial Forcing,12,0.9166666666666666,0.5833333333333334,0.5,0.16666666666666666,0.6555499999999999,0.3512630242585718,0.06787498275221418,0.20940298507462685,0.9860718315777544,0.355175,0.7572852356465382
RoboDojo-Sim,store_laptop_and_headphones,AHA-WAM,12,0.5,0.3333333333333333,0.16666666666666666,0,0.2885071428571428,0.124492677778545,0.0736004835280242,0.3955223880597015,1,0.1442535714285714,0
RoboDojo-Sim,store_laptop_and_headphones,Fast-WAM,12,0.25,0.16666666666666666,0,0,0.17395,0.062677870106803,0.11977646554051614,0.5746268656716418,0.6783894171206344,0.086975,0
RoboDojo-Sim,store_laptop_and_headphones,GalaxeaVLA (G0),12,0.6666666666666666,0.4166666666666667,0.3333333333333333,0,0.36249999999999993,0.18682063433730423,0.07595225438024578,0.32835820895522383,0.8038960471158816,0.18125,0
RoboDojo-Sim,store_laptop_and_headphones,GigaWorld-Policy-0,12,0.8333333333333334,0.4166666666666667,0.4166666666666667,0,0.3612999999999999,0.20540581433510435,0.07103202973893996,0.3955223880597015,0.7679136011467549,0.18064999999999998,0
RoboDojo-Sim,store_laptop_and_headphones,GROOT-N1.7,12,0.9166666666666666,0.5833333333333334,0.08333333333333333,0,0.5270666666666666,0.28147626559336264,0.05416563697347282,0.2537313432835821,1,0.46353333333333335,0
RoboDojo-Sim,store_laptop_and_headphones,InternVLA-A1,12,0.4166666666666667,0.3333333333333333,0.08333333333333333,0,0.2246,0.09565201133423704,0.1285625597655796,0.4626865671641791,0.34744508547036784,0.1123,0
RoboDojo-Sim,store_laptop_and_headphones,LDA-1B,12,0.3333333333333333,0.16666666666666666,0.08333333333333333,0,0.20005,0.04216975686009154,0.22656622380108865,0.29850746268656714,0.7619771877808066,0.100025,0
RoboDojo-Sim,store_laptop_and_headphones,Pi-0,12,0.8333333333333334,0.5,0.16666666666666666,0,0.47121428571428564,0.20023578335181502,0.0652980438096938,0.3432835820895522,0.8786843598135587,0.3356071428571429,0
RoboDojo-Sim,store_laptop_and_headphones,Spirit v1.5,12,0.6666666666666666,0.08333333333333333,0,0,0.3415499999999999,0.1636430683257401,0.10602921140819681,0.3955223880597015,0.7573866969450194,0.170775,0
RoboDojo-Sim,store_laptop_and_headphones,StarVLA,12,0.3333333333333333,0,0,0,0.23894999999999994,0.0861129684869254,0.09976961796253475,0.48507462686567165,0.942863109813299,0.119475,0
RoboDojo-Sim,store_laptop_and_headphones,X-VLA,12,0.6666666666666666,0.5,0.16666666666666666,0,0.4972,0.21471789831804575,0.0999505092818054,0.3208955223880597,0.33156490418617635,0.34859999999999997,0
RoboDojo-Sim,store_laptop_and_headphones,X-WAM,12,0.9166666666666666,0.75,0.4166666666666667,0,0.69005,0.35622943581810573,0.07256617196692809,0.26865671641791045,0.8436639751597714,0.545025,0
RoboDojo-Sim,store_laptop_and_headphones,Xiaomi-Robotics-0,12,0.6666666666666666,0.5,0.3333333333333333,0,0.49339999999999995,0.27908828763443816,0.05713449760237434,0.29850746268656714,0.6342471837376413,0.34669999999999995,0
RoboDojo-Sim,store_tools_in_toolbox,AHA-WAM,6,0.6666666666666666,0.16666666666666666,0,0,0.3212999999999999,0.1482162004679583,0.06575987393959154,0.5266666666666666,1,0.16065000000000002,0
RoboDojo-Sim,store_tools_in_toolbox,Fast-WAM,6,0,0,0,0,0.0368,0.02377999922081965,0.05837728910965293,0.9733333333333334,0.6717425526790748,0.0184,0
RoboDojo-Sim,store_tools_in_toolbox,GalaxeaVLA (G0),6,0,0,0,0,0.08710000000000001,0.020257918379669802,0.29468301363344296,0.6733333333333333,0.5675742436422667,0.043550000000000005,0
RoboDojo-Sim,store_tools_in_toolbox,GigaWorld-Policy-0,6,0.5,0,0,0,0.19064999999999993,0.10365582717712313,0.07238054155896159,0.72,0.2686903090383209,0.095325,0
RoboDojo-Sim,store_tools_in_toolbox,GROOT-N1.7,6,0.16666666666666666,0,0,0,0.09889999999999999,0.03923427117302582,0.13028116173793,0.7666666666666666,0.8044828142232563,0.049449999999999994,0
RoboDojo-Sim,store_tools_in_toolbox,Hy-Embodied-0.5-VLA,6,0.8333333333333334,0,0,0,0.4045714285714286,0.20784023828464265,0.05948136215295981,0.43333333333333335,0.9782613421447359,0.2022857142857143,0
RoboDojo-Sim,store_tools_in_toolbox,InternVLA-A1,6,0.16666666666666666,0,0,0,0.13419999999999999,0.03720306561758086,0.23340868474770599,0.64,0.6577942067703537,0.06709999999999999,0
RoboDojo-Sim,store_tools_in_toolbox,LDA-1B,6,0.16666666666666666,0,0,0,0.08399999999999999,0.01766799131568872,0.2104338907085075,0.45333333333333337,0.9635615564743553,0.041999999999999996,0
RoboDojo-Sim,store_tools_in_toolbox,Pi-0,6,0.5,0.16666666666666666,0,0,0.1834,0.07188761342970762,0.20300837215167433,0.6266666666666667,0.9291097679277669,0.09169999999999999,0
RoboDojo-Sim,store_tools_in_toolbox,Pi-05,6,0.6666666666666666,0.3333333333333333,0,0,0.3147777777777777,0.0953792881767052,0.136287621379127,0.37333333333333335,0.8930384032811127,0.15738888888888886,0
RoboDojo-Sim,store_tools_in_toolbox,Spatial Forcing,6,0.3333333333333333,0,0,0,0.1498,0.04098574450974859,0.1353033373940623,0.5333333333333333,0.616838984434869,0.0749,0
RoboDojo-Sim,store_tools_in_toolbox,Spirit v1.5,6,0.3333333333333333,0.16666666666666666,0,0,0.1249,0.02945795878144379,0.2618081799343215,0.5,0.12740668092241442,0.06244999999999999,0
RoboDojo-Sim,store_tools_in_toolbox,StarVLA,6,0.5,0,0,0,0.22619999999999996,0.08572352411308723,0.0926437492080634,0.56,0.29963854446814514,0.1131,0
RoboDojo-Sim,store_tools_in_toolbox,X-VLA,6,0.6666666666666666,0.5,0,0,0.5101,0.16279352422827595,0.1156791072759617,0.18666666666666665,0.8505706498768961,0.35505,0
RoboDojo-Sim,store_tools_in_toolbox,X-WAM,6,1,0,0,0,0.35119999999999996,0.1947448555573039,0.06002498251224678,0.5533333333333333,1,0.1756,0
RoboDojo-Sim,store_tools_in_toolbox,Xiaomi-Robotics-0,6,0.3333333333333333,0,0,0,0.0963,0.045094702192180876,0.028037880335671606,0.8066666666666666,1,0.04814999999999999,0
RoboDojo-Sim,sweep_blocks,AHA-WAM,12,0.6666666666666666,0.25,0.08333333333333333,0,0.3722499999999999,0.1327049239683963,0.27416100145527605,0.42261904761904756,0.44546685038260736,0.18612499999999998,0
RoboDojo-Sim,sweep_blocks,Fast-WAM,12,0.5833333333333334,0.16666666666666666,0,0,0.29444999999999993,0.0915555053524742,0.1196640525808455,0.36904761904761896,0.7941983924413917,0.147225,0
RoboDojo-Sim,sweep_blocks,GalaxeaVLA (G0),12,0.5833333333333334,0.25,0.08333333333333333,0,0.4020999999999999,0.10856141946612854,0.2168995598051112,0.3035714285714286,0.49439497407314814,0.20105,0
RoboDojo-Sim,sweep_blocks,GigaWorld-Policy-0,12,0.75,0.3333333333333333,0.16666666666666666,0,0.31504999999999994,0.1212002233903788,0.16398629514826707,0.5059523809523809,0.9470079687031281,0.157525,0
RoboDojo-Sim,sweep_blocks,GROOT-N1.7,12,0.75,0.25,0,0,0.3403999999999999,0.09355332812437732,0.2055272285029044,0.30357142857142855,0.7585765586916295,0.17020000000000002,0
RoboDojo-Sim,sweep_blocks,Hy-Embodied-0.5-VLA,12,1,0.5833333333333334,0.08333333333333333,0,0.54985,0.1614969066667401,0.11968530047013154,0.1904761904761905,1,0.47492500000000004,0
RoboDojo-Sim,sweep_blocks,InternVLA-A1,12,0.6666666666666666,0.3333333333333333,0.08333333333333333,0,0.3468999999999999,0.10832492863294299,0.16999375811972112,0.3095238095238095,0.45530362380938016,0.17345,0
RoboDojo-Sim,sweep_blocks,LDA-1B,12,0.3333333333333333,0,0,0,0.1759,0.043995383460507624,0.26888129338222916,0.43452380952380953,0.6540599007771712,0.08794999999999999,0
RoboDojo-Sim,sweep_blocks,Pi-0,12,0.75,0.25,0,0,0.3438999999999999,0.08643731621250725,0.26832547100339077,0.25595238095238093,0.8982339328555451,0.17195,0
RoboDojo-Sim,sweep_blocks,Pi-05,12,0.9166666666666666,0.5,0.16666666666666666,0,0.49759999999999993,0.14328064018342745,0.15735920206263476,0.2142857142857143,0.702356331019186,0.3488,0
RoboDojo-Sim,sweep_blocks,Spatial Forcing,12,1,0.5,0.25,0,0.5393,0.1635542176690568,0.20453008778012444,0.19047619047619052,0.601563851882948,0.36965,0
RoboDojo-Sim,sweep_blocks,Spirit v1.5,12,0.25,0,0,0,0.1118142857142857,0.027127336769982427,0.3049556169416571,0.5238095238095238,0.7557955876393673,0.05590714285714285,0
RoboDojo-Sim,sweep_blocks,StarVLA,12,0.5833333333333334,0.25,0,0,0.29079999999999995,0.0902489701504236,0.17376715786787766,0.43452380952380953,0.6738712973902647,0.1454,0
RoboDojo-Sim,sweep_blocks,X-VLA,10,0.7,0.3,0.2,0,0.4377,0.137567499435895,0.23395145014079594,0.3511904761904762,0.5071663998133357,0.21884999999999996,0
RoboDojo-Sim,sweep_blocks,X-WAM,12,0.8333333333333334,0.4166666666666667,0.08333333333333333,0,0.3642999999999999,0.1177492665196681,0.10847168614045616,0.30357142857142855,0.9303687418170937,0.18214999999999992,0
RoboDojo-Sim,sweep_blocks,Xiaomi-Robotics-0,12,0.6666666666666666,0.4166666666666667,0.08333333333333333,0,0.37409999999999993,0.14707183772563465,0.11654809562150642,0.29166666666666663,0.652961179081591,0.18704999999999994,0
